source,target,weight,T_collab,I_collab,F_collab
758,759,1,0.0,0.5,0.5
758,760,1,0.0,0.5,0.5
759,760,1,0.0,0.5,0.5
776,777,1,0.0,0.5,0.5
776,1286,1,0.0,0.5,0.5
777,1286,1,0.0,0.5,0.5
778,1041,1,0.0,0.5,0.5
778,1042,1,0.0,0.5,0.5
1041,1042,2,0.393,0.257,0.35
779,780,1,0.0,0.5,0.5
779,781,1,0.0,0.5,0.5
780,781,1,0.0,0.5,0.5
761,762,1,0.0,0.5,0.5
761,860,6,0.918,0.018,0.064
762,860,2,0.393,0.257,0.35
910,911,4,0.777,0.068,0.155
910,912,3,0.632,0.132,0.236
910,913,3,0.632,0.132,0.236
911,912,3,0.632,0.132,0.236
911,913,3,0.632,0.132,0.236
912,913,3,0.632,0.132,0.236
763,764,1,0.0,0.5,0.5
763,886,1,0.0,0.5,0.5
764,886,1,0.0,0.5,0.5
603,765,1,0.0,0.5,0.5
603,766,1,0.0,0.5,0.5
603,767,1,0.0,0.5,0.5
765,766,1,0.0,0.5,0.5
765,767,1,0.0,0.5,0.5
766,767,2,0.393,0.257,0.35
782,783,1,0.0,0.5,0.5
782,784,1,0.0,0.5,0.5
782,785,1,0.0,0.5,0.5
783,784,1,0.0,0.5,0.5
783,785,1,0.0,0.5,0.5
784,785,1,0.0,0.5,0.5
768,769,1,0.0,0.5,0.5
768,1286,1,0.0,0.5,0.5
769,1286,1,0.0,0.5,0.5
786,787,1,0.0,0.5,0.5
786,884,1,0.0,0.5,0.5
787,884,1,0.0,0.5,0.5
770,885,1,0.0,0.5,0.5
770,886,1,0.0,0.5,0.5
885,886,2,0.393,0.257,0.35
771,772,1,0.0,0.5,0.5
771,773,1,0.0,0.5,0.5
772,773,1,0.0,0.5,0.5
788,789,1,0.0,0.5,0.5
788,790,1,0.0,0.5,0.5
788,964,1,0.0,0.5,0.5
789,790,1,0.0,0.5,0.5
789,964,1,0.0,0.5,0.5
790,964,1,0.0,0.5,0.5
774,775,1,0.0,0.5,0.5
774,920,1,0.0,0.5,0.5
774,921,1,0.0,0.5,0.5
775,920,1,0.0,0.5,0.5
775,921,1,0.0,0.5,0.5
920,921,2,0.393,0.257,0.35
791,792,1,0.0,0.5,0.5
791,793,1,0.0,0.5,0.5
792,793,2,0.393,0.257,0.35
794,795,1,0.0,0.5,0.5
794,848,1,0.0,0.5,0.5
795,848,1,0.0,0.5,0.5
796,797,1,0.0,0.5,0.5
796,798,1,0.0,0.5,0.5
797,798,1,0.0,0.5,0.5
799,820,1,0.0,0.5,0.5
799,821,1,0.0,0.5,0.5
820,821,2,0.393,0.257,0.35
800,801,1,0.0,0.5,0.5
800,802,1,0.0,0.5,0.5
800,803,1,0.0,0.5,0.5
801,802,1,0.0,0.5,0.5
801,803,1,0.0,0.5,0.5
802,803,1,0.0,0.5,0.5
808,809,1,0.0,0.5,0.5
808,814,2,0.393,0.257,0.35
808,1090,1,0.0,0.5,0.5
809,814,2,0.393,0.257,0.35
809,1090,2,0.393,0.257,0.35
814,1090,3,0.632,0.132,0.236
810,811,1,0.0,0.5,0.5
810,812,2,0.393,0.257,0.35
810,813,4,0.777,0.068,0.155
811,812,1,0.0,0.5,0.5
811,813,1,0.0,0.5,0.5
812,813,4,0.777,0.068,0.155
804,1064,1,0.0,0.5,0.5
804,1113,1,0.0,0.5,0.5
1064,1113,1,0.0,0.5,0.5
929,930,3,0.632,0.132,0.236
929,981,2,0.393,0.257,0.35
930,981,2,0.393,0.257,0.35
814,815,1,0.0,0.5,0.5
814,816,1,0.0,0.5,0.5
815,816,1,0.0,0.5,0.5
815,1090,1,0.0,0.5,0.5
816,1090,1,0.0,0.5,0.5
805,806,1,0.0,0.5,0.5
805,807,1,0.0,0.5,0.5
806,807,1,0.0,0.5,0.5
817,818,4,0.777,0.068,0.155
817,819,2,0.393,0.257,0.35
818,819,1,0.0,0.5,0.5
820,1090,2,0.393,0.257,0.35
821,1090,1,0.0,0.5,0.5
695,780,1,0.0,0.5,0.5
695,860,1,0.0,0.5,0.5
780,860,2,0.393,0.257,0.35
696,762,1,0.0,0.5,0.5
696,860,1,0.0,0.5,0.5
697,698,1,0.0,0.5,0.5
697,1064,1,0.0,0.5,0.5
698,1064,1,0.0,0.5,0.5
699,700,1,0.0,0.5,0.5
699,931,1,0.0,0.5,0.5
699,970,1,0.0,0.5,0.5
700,931,1,0.0,0.5,0.5
700,970,1,0.0,0.5,0.5
931,970,1,0.0,0.5,0.5
701,702,1,0.0,0.5,0.5
701,1081,1,0.0,0.5,0.5
702,1081,1,0.0,0.5,0.5
707,708,1,0.0,0.5,0.5
707,709,1,0.0,0.5,0.5
707,719,1,0.0,0.5,0.5
708,709,1,0.0,0.5,0.5
708,719,1,0.0,0.5,0.5
709,719,1,0.0,0.5,0.5
710,711,1,0.0,0.5,0.5
710,712,1,0.0,0.5,0.5
710,1017,1,0.0,0.5,0.5
711,712,1,0.0,0.5,0.5
711,1017,1,0.0,0.5,0.5
712,1017,1,0.0,0.5,0.5
713,714,1,0.0,0.5,0.5
713,715,1,0.0,0.5,0.5
713,749,1,0.0,0.5,0.5
714,715,1,0.0,0.5,0.5
714,749,1,0.0,0.5,0.5
715,749,1,0.0,0.5,0.5
716,717,1,0.0,0.5,0.5
716,718,1,0.0,0.5,0.5
716,719,1,0.0,0.5,0.5
717,718,1,0.0,0.5,0.5
717,719,1,0.0,0.5,0.5
718,719,1,0.0,0.5,0.5
720,721,1,0.0,0.5,0.5
720,722,1,0.0,0.5,0.5
720,723,1,0.0,0.5,0.5
721,722,1,0.0,0.5,0.5
721,723,1,0.0,0.5,0.5
722,723,1,0.0,0.5,0.5
729,730,3,0.632,0.132,0.236
729,930,2,0.393,0.257,0.35
730,930,2,0.393,0.257,0.35
724,725,1,0.0,0.5,0.5
724,923,1,0.0,0.5,0.5
725,923,1,0.0,0.5,0.5
652,726,1,0.0,0.5,0.5
652,1025,5,0.865,0.035,0.101
726,1025,1,0.0,0.5,0.5
727,808,1,0.0,0.5,0.5
727,814,1,0.0,0.5,0.5
728,729,1,0.0,0.5,0.5
728,730,1,0.0,0.5,0.5
731,732,1,0.0,0.5,0.5
731,733,1,0.0,0.5,0.5
732,733,1,0.0,0.5,0.5
734,735,1,0.0,0.5,0.5
734,736,1,0.0,0.5,0.5
735,736,1,0.0,0.5,0.5
737,741,1,0.0,0.5,0.5
737,742,1,0.0,0.5,0.5
741,742,2,0.393,0.257,0.35
738,739,1,0.0,0.5,0.5
738,746,1,0.0,0.5,0.5
739,746,2,0.393,0.257,0.35
652,740,2,0.393,0.257,0.35
740,1025,2,0.393,0.257,0.35
741,743,1,0.0,0.5,0.5
742,743,1,0.0,0.5,0.5
751,752,2,0.393,0.257,0.35
751,1139,3,0.632,0.132,0.236
752,1139,2,0.393,0.257,0.35
744,745,7,0.95,0.009,0.041
744,746,2,0.393,0.257,0.35
745,746,2,0.393,0.257,0.35
747,748,2,0.393,0.257,0.35
747,755,1,0.0,0.5,0.5
748,755,1,0.0,0.5,0.5
749,750,2,0.393,0.257,0.35
749,1136,1,0.0,0.5,0.5
750,1136,1,0.0,0.5,0.5
753,754,1,0.0,0.5,0.5
753,755,1,0.0,0.5,0.5
754,755,1,0.0,0.5,0.5
434,756,1,0.0,0.5,0.5
434,757,1,0.0,0.5,0.5
756,757,1,0.0,0.5,0.5
642,643,1,0.0,0.5,0.5
642,817,1,0.0,0.5,0.5
642,818,1,0.0,0.5,0.5
643,817,1,0.0,0.5,0.5
643,818,1,0.0,0.5,0.5
809,820,1,0.0,0.5,0.5
814,820,1,0.0,0.5,0.5
644,645,1,0.0,0.5,0.5
644,646,1,0.0,0.5,0.5
644,647,1,0.0,0.5,0.5
645,646,2,0.393,0.257,0.35
645,647,1,0.0,0.5,0.5
646,647,1,0.0,0.5,0.5
648,649,1,0.0,0.5,0.5
648,650,1,0.0,0.5,0.5
648,677,1,0.0,0.5,0.5
649,650,1,0.0,0.5,0.5
649,677,2,0.393,0.257,0.35
650,677,1,0.0,0.5,0.5
651,652,1,0.0,0.5,0.5
651,740,1,0.0,0.5,0.5
651,1025,1,0.0,0.5,0.5
653,749,1,0.0,0.5,0.5
653,1119,1,0.0,0.5,0.5
749,1119,1,0.0,0.5,0.5
654,869,1,0.0,0.5,0.5
654,1119,1,0.0,0.5,0.5
869,1119,2,0.393,0.257,0.35
747,754,1,0.0,0.5,0.5
748,754,1,0.0,0.5,0.5
837,838,2,0.393,0.257,0.35
837,839,5,0.865,0.035,0.101
838,839,2,0.393,0.257,0.35
837,924,1,0.0,0.5,0.5
839,924,1,0.0,0.5,0.5
655,837,2,0.393,0.257,0.35
655,839,2,0.393,0.257,0.35
656,779,1,0.0,0.5,0.5
656,860,1,0.0,0.5,0.5
779,860,5,0.865,0.035,0.101
657,658,1,0.0,0.5,0.5
657,659,1,0.0,0.5,0.5
657,1034,1,0.0,0.5,0.5
658,659,1,0.0,0.5,0.5
658,1034,1,0.0,0.5,0.5
659,1034,1,0.0,0.5,0.5
660,661,1,0.0,0.5,0.5
660,662,1,0.0,0.5,0.5
661,662,1,0.0,0.5,0.5
663,664,1,0.0,0.5,0.5
663,846,1,0.0,0.5,0.5
664,846,1,0.0,0.5,0.5
665,666,1,0.0,0.5,0.5
665,667,1,0.0,0.5,0.5
666,667,1,0.0,0.5,0.5
668,669,1,0.0,0.5,0.5
668,670,1,0.0,0.5,0.5
668,1115,1,0.0,0.5,0.5
669,670,1,0.0,0.5,0.5
669,1115,1,0.0,0.5,0.5
670,1115,1,0.0,0.5,0.5
671,672,1,0.0,0.5,0.5
671,1101,1,0.0,0.5,0.5
672,1101,1,0.0,0.5,0.5
673,674,1,0.0,0.5,0.5
673,675,1,0.0,0.5,0.5
673,1064,1,0.0,0.5,0.5
674,675,1,0.0,0.5,0.5
674,1064,1,0.0,0.5,0.5
675,1064,1,0.0,0.5,0.5
676,1113,1,0.0,0.5,0.5
676,1114,1,0.0,0.5,0.5
1113,1114,6,0.918,0.018,0.064
677,678,1,0.0,0.5,0.5
677,679,1,0.0,0.5,0.5
677,680,1,0.0,0.5,0.5
678,679,1,0.0,0.5,0.5
678,680,1,0.0,0.5,0.5
679,680,1,0.0,0.5,0.5
681,682,1,0.0,0.5,0.5
681,1082,1,0.0,0.5,0.5
682,1082,2,0.393,0.257,0.35
683,1113,1,0.0,0.5,0.5
683,1114,1,0.0,0.5,0.5
684,685,1,0.0,0.5,0.5
684,779,1,0.0,0.5,0.5
685,779,1,0.0,0.5,0.5
686,687,1,0.0,0.5,0.5
686,836,1,0.0,0.5,0.5
687,836,1,0.0,0.5,0.5
688,967,1,0.0,0.5,0.5
688,1113,1,0.0,0.5,0.5
967,1113,1,0.0,0.5,0.5
689,690,1,0.0,0.5,0.5
689,691,1,0.0,0.5,0.5
689,1017,1,0.0,0.5,0.5
690,691,1,0.0,0.5,0.5
690,1017,1,0.0,0.5,0.5
691,1017,1,0.0,0.5,0.5
692,693,1,0.0,0.5,0.5
692,694,1,0.0,0.5,0.5
692,1017,1,0.0,0.5,0.5
693,694,1,0.0,0.5,0.5
693,1017,1,0.0,0.5,0.5
694,1017,1,0.0,0.5,0.5
703,704,1,0.0,0.5,0.5
703,705,1,0.0,0.5,0.5
703,706,1,0.0,0.5,0.5
704,705,1,0.0,0.5,0.5
704,706,1,0.0,0.5,0.5
705,706,1,0.0,0.5,0.5
590,630,1,0.0,0.5,0.5
590,1061,1,0.0,0.5,0.5
630,1061,1,0.0,0.5,0.5
581,633,1,0.0,0.5,0.5
581,829,1,0.0,0.5,0.5
633,829,1,0.0,0.5,0.5
592,601,1,0.0,0.5,0.5
592,848,1,0.0,0.5,0.5
601,848,2,0.393,0.257,0.35
582,583,1,0.0,0.5,0.5
582,584,1,0.0,0.5,0.5
582,1041,1,0.0,0.5,0.5
583,584,1,0.0,0.5,0.5
583,1041,1,0.0,0.5,0.5
584,1041,1,0.0,0.5,0.5
593,601,1,0.0,0.5,0.5
593,847,1,0.0,0.5,0.5
601,847,2,0.393,0.257,0.35
585,630,1,0.0,0.5,0.5
585,758,1,0.0,0.5,0.5
630,758,1,0.0,0.5,0.5
594,595,1,0.0,0.5,0.5
594,596,1,0.0,0.5,0.5
595,596,1,0.0,0.5,0.5
586,625,1,0.0,0.5,0.5
586,829,1,0.0,0.5,0.5
625,829,1,0.0,0.5,0.5
597,601,1,0.0,0.5,0.5
597,848,1,0.0,0.5,0.5
587,588,1,0.0,0.5,0.5
587,589,1,0.0,0.5,0.5
587,1041,1,0.0,0.5,0.5
588,589,1,0.0,0.5,0.5
588,1041,1,0.0,0.5,0.5
589,1041,1,0.0,0.5,0.5
598,599,2,0.393,0.257,0.35
598,600,2,0.393,0.257,0.35
599,600,2,0.393,0.257,0.35
590,631,1,0.0,0.5,0.5
590,632,1,0.0,0.5,0.5
631,632,2,0.393,0.257,0.35
601,602,1,0.0,0.5,0.5
601,664,2,0.393,0.257,0.35
602,664,1,0.0,0.5,0.5
591,601,1,0.0,0.5,0.5
591,847,1,0.0,0.5,0.5
1355,1356,1,0.0,0.5,0.5
1355,1357,1,0.0,0.5,0.5
1355,1358,1,0.0,0.5,0.5
1355,1362,1,0.0,0.5,0.5
1356,1357,1,0.0,0.5,0.5
1356,1358,1,0.0,0.5,0.5
1356,1362,1,0.0,0.5,0.5
1357,1358,1,0.0,0.5,0.5
1357,1362,1,0.0,0.5,0.5
1358,1362,2,0.393,0.257,0.35
1302,1362,7,0.95,0.009,0.041
1353,1354,1,0.0,0.5,0.5
1350,1351,1,0.0,0.5,0.5
1350,1352,1,0.0,0.5,0.5
1350,1362,2,0.393,0.257,0.35
1351,1352,1,0.0,0.5,0.5
1351,1362,1,0.0,0.5,0.5
1352,1362,1,0.0,0.5,0.5
1302,1349,1,0.0,0.5,0.5
1349,1362,2,0.393,0.257,0.35
1358,1359,1,0.0,0.5,0.5
1358,1360,1,0.0,0.5,0.5
1358,1361,1,0.0,0.5,0.5
1359,1360,1,0.0,0.5,0.5
1359,1361,1,0.0,0.5,0.5
1359,1362,1,0.0,0.5,0.5
1360,1361,1,0.0,0.5,0.5
1360,1362,1,0.0,0.5,0.5
1361,1362,1,0.0,0.5,0.5
603,604,1,0.0,0.5,0.5
603,605,1,0.0,0.5,0.5
604,605,1,0.0,0.5,0.5
606,610,1,0.0,0.5,0.5
606,766,1,0.0,0.5,0.5
610,766,1,0.0,0.5,0.5
607,622,1,0.0,0.5,0.5
607,636,1,0.0,0.5,0.5
622,636,2,0.393,0.257,0.35
608,609,1,0.0,0.5,0.5
608,610,1,0.0,0.5,0.5
608,611,1,0.0,0.5,0.5
609,610,1,0.0,0.5,0.5
609,611,1,0.0,0.5,0.5
610,611,1,0.0,0.5,0.5
622,623,1,0.0,0.5,0.5
623,636,1,0.0,0.5,0.5
624,625,1,0.0,0.5,0.5
624,626,1,0.0,0.5,0.5
625,626,1,0.0,0.5,0.5
766,921,1,0.0,0.5,0.5
767,921,1,0.0,0.5,0.5
627,628,1,0.0,0.5,0.5
627,629,1,0.0,0.5,0.5
627,900,1,0.0,0.5,0.5
628,629,1,0.0,0.5,0.5
628,900,1,0.0,0.5,0.5
629,900,1,0.0,0.5,0.5
612,613,1,0.0,0.5,0.5
612,614,1,0.0,0.5,0.5
612,615,1,0.0,0.5,0.5
613,614,1,0.0,0.5,0.5
613,615,1,0.0,0.5,0.5
614,615,1,0.0,0.5,0.5
630,631,1,0.0,0.5,0.5
630,632,1,0.0,0.5,0.5
616,617,1,0.0,0.5,0.5
616,1042,1,0.0,0.5,0.5
617,1042,1,0.0,0.5,0.5
618,619,1,0.0,0.5,0.5
618,620,1,0.0,0.5,0.5
618,621,1,0.0,0.5,0.5
619,620,1,0.0,0.5,0.5
619,621,1,0.0,0.5,0.5
620,621,1,0.0,0.5,0.5
633,634,1,0.0,0.5,0.5
633,635,1,0.0,0.5,0.5
634,635,6,0.918,0.018,0.064
636,637,1,0.0,0.5,0.5
636,638,1,0.0,0.5,0.5
637,638,1,0.0,0.5,0.5
639,640,2,0.393,0.257,0.35
639,641,1,0.0,0.5,0.5
639,900,1,0.0,0.5,0.5
640,641,1,0.0,0.5,0.5
640,900,1,0.0,0.5,0.5
641,900,1,0.0,0.5,0.5
506,1147,1,0.0,0.5,0.5
507,508,1,0.0,0.5,0.5
509,510,1,0.0,0.5,0.5
509,511,1,0.0,0.5,0.5
509,512,1,0.0,0.5,0.5
510,511,1,0.0,0.5,0.5
510,512,1,0.0,0.5,0.5
511,512,1,0.0,0.5,0.5
513,514,1,0.0,0.5,0.5
513,515,1,0.0,0.5,0.5
513,516,1,0.0,0.5,0.5
514,515,1,0.0,0.5,0.5
514,516,1,0.0,0.5,0.5
515,516,1,0.0,0.5,0.5
517,518,1,0.0,0.5,0.5
517,519,1,0.0,0.5,0.5
517,603,1,0.0,0.5,0.5
518,519,1,0.0,0.5,0.5
518,603,1,0.0,0.5,0.5
519,603,1,0.0,0.5,0.5
520,521,1,0.0,0.5,0.5
520,603,1,0.0,0.5,0.5
521,603,1,0.0,0.5,0.5
522,523,1,0.0,0.5,0.5
522,603,2,0.393,0.257,0.35
523,603,1,0.0,0.5,0.5
524,525,1,0.0,0.5,0.5
524,526,1,0.0,0.5,0.5
524,603,1,0.0,0.5,0.5
525,526,1,0.0,0.5,0.5
525,603,1,0.0,0.5,0.5
526,603,1,0.0,0.5,0.5
527,528,1,0.0,0.5,0.5
527,529,1,0.0,0.5,0.5
527,603,1,0.0,0.5,0.5
528,529,1,0.0,0.5,0.5
528,603,1,0.0,0.5,0.5
529,603,1,0.0,0.5,0.5
530,531,1,0.0,0.5,0.5
530,532,1,0.0,0.5,0.5
531,532,2,0.393,0.257,0.35
531,533,1,0.0,0.5,0.5
532,533,1,0.0,0.5,0.5
534,535,2,0.393,0.257,0.35
534,536,3,0.632,0.132,0.236
534,635,6,0.918,0.018,0.064
535,536,4,0.777,0.068,0.155
535,635,3,0.632,0.132,0.236
536,635,4,0.777,0.068,0.155
535,615,1,0.0,0.5,0.5
536,615,1,0.0,0.5,0.5
537,538,1,0.0,0.5,0.5
537,539,1,0.0,0.5,0.5
538,539,1,0.0,0.5,0.5
540,541,1,0.0,0.5,0.5
540,542,1,0.0,0.5,0.5
540,546,1,0.0,0.5,0.5
541,542,1,0.0,0.5,0.5
541,546,1,0.0,0.5,0.5
542,546,1,0.0,0.5,0.5
543,544,1,0.0,0.5,0.5
543,545,1,0.0,0.5,0.5
543,546,2,0.393,0.257,0.35
544,545,1,0.0,0.5,0.5
544,546,1,0.0,0.5,0.5
545,546,1,0.0,0.5,0.5
546,547,1,0.0,0.5,0.5
546,548,1,0.0,0.5,0.5
546,549,1,0.0,0.5,0.5
547,548,1,0.0,0.5,0.5
547,549,1,0.0,0.5,0.5
548,549,1,0.0,0.5,0.5
550,551,1,0.0,0.5,0.5
550,552,1,0.0,0.5,0.5
550,1035,1,0.0,0.5,0.5
551,552,2,0.393,0.257,0.35
551,1035,1,0.0,0.5,0.5
552,1035,1,0.0,0.5,0.5
551,553,1,0.0,0.5,0.5
551,554,1,0.0,0.5,0.5
552,553,1,0.0,0.5,0.5
552,554,1,0.0,0.5,0.5
553,554,1,0.0,0.5,0.5
555,556,1,0.0,0.5,0.5
555,560,1,0.0,0.5,0.5
555,724,1,0.0,0.5,0.5
556,560,1,0.0,0.5,0.5
556,724,1,0.0,0.5,0.5
560,724,2,0.393,0.257,0.35
557,558,1,0.0,0.5,0.5
557,559,1,0.0,0.5,0.5
557,923,3,0.632,0.132,0.236
558,559,1,0.0,0.5,0.5
558,923,1,0.0,0.5,0.5
559,923,1,0.0,0.5,0.5
560,561,2,0.393,0.257,0.35
560,636,1,0.0,0.5,0.5
561,636,1,0.0,0.5,0.5
561,724,2,0.393,0.257,0.35
636,724,1,0.0,0.5,0.5
562,637,2,0.393,0.257,0.35
562,839,2,0.393,0.257,0.35
637,839,2,0.393,0.257,0.35
563,564,1,0.0,0.5,0.5
563,565,1,0.0,0.5,0.5
564,565,1,0.0,0.5,0.5
434,566,1,0.0,0.5,0.5
434,567,1,0.0,0.5,0.5
566,567,1,0.0,0.5,0.5
434,817,2,0.393,0.257,0.35
434,568,1,0.0,0.5,0.5
434,569,1,0.0,0.5,0.5
568,569,2,0.393,0.257,0.35
570,810,2,0.393,0.257,0.35
570,813,2,0.393,0.257,0.35
571,572,1,0.0,0.5,0.5
571,576,1,0.0,0.5,0.5
571,984,1,0.0,0.5,0.5
572,576,1,0.0,0.5,0.5
572,984,1,0.0,0.5,0.5
576,984,1,0.0,0.5,0.5
573,574,1,0.0,0.5,0.5
573,576,1,0.0,0.5,0.5
574,576,1,0.0,0.5,0.5
575,576,1,0.0,0.5,0.5
575,986,1,0.0,0.5,0.5
575,987,1,0.0,0.5,0.5
576,986,1,0.0,0.5,0.5
576,987,1,0.0,0.5,0.5
986,987,2,0.393,0.257,0.35
576,577,1,0.0,0.5,0.5
576,578,1,0.0,0.5,0.5
577,578,2,0.393,0.257,0.35
579,580,1,0.0,0.5,0.5
579,668,1,0.0,0.5,0.5
579,970,1,0.0,0.5,0.5
580,668,1,0.0,0.5,0.5
580,970,1,0.0,0.5,0.5
668,970,1,0.0,0.5,0.5
471,472,1,0.0,0.5,0.5
471,601,1,0.0,0.5,0.5
472,601,2,0.393,0.257,0.35
473,826,1,0.0,0.5,0.5
473,889,1,0.0,0.5,0.5
826,889,2,0.393,0.257,0.35
487,488,2,0.393,0.257,0.35
487,633,2,0.393,0.257,0.35
488,633,2,0.393,0.257,0.35
827,828,2,0.393,0.257,0.35
827,829,2,0.393,0.257,0.35
827,830,2,0.393,0.257,0.35
828,829,2,0.393,0.257,0.35
828,830,2,0.393,0.257,0.35
829,830,2,0.393,0.257,0.35
474,475,1,0.0,0.5,0.5
474,781,1,0.0,0.5,0.5
474,860,1,0.0,0.5,0.5
475,781,1,0.0,0.5,0.5
475,860,1,0.0,0.5,0.5
781,860,1,0.0,0.5,0.5
476,483,1,0.0,0.5,0.5
476,531,1,0.0,0.5,0.5
476,615,1,0.0,0.5,0.5
483,531,2,0.393,0.257,0.35
483,615,2,0.393,0.257,0.35
531,615,2,0.393,0.257,0.35
477,761,2,0.393,0.257,0.35
477,779,1,0.0,0.5,0.5
477,860,3,0.632,0.132,0.236
761,779,1,0.0,0.5,0.5
478,685,1,0.0,0.5,0.5
478,860,1,0.0,0.5,0.5
685,860,1,0.0,0.5,0.5
483,534,1,0.0,0.5,0.5
483,634,1,0.0,0.5,0.5
483,635,1,0.0,0.5,0.5
534,634,3,0.632,0.132,0.236
484,485,1,0.0,0.5,0.5
484,825,1,0.0,0.5,0.5
485,825,1,0.0,0.5,0.5
486,761,1,0.0,0.5,0.5
486,860,1,0.0,0.5,0.5
534,1326,2,0.393,0.257,0.35
634,1326,1,0.0,0.5,0.5
635,1326,2,0.393,0.257,0.35
782,888,3,0.632,0.132,0.236
782,889,4,0.777,0.068,0.155
888,889,4,0.777,0.068,0.155
479,480,2,0.393,0.257,0.35
479,848,1,0.0,0.5,0.5
480,848,1,0.0,0.5,0.5
481,761,1,0.0,0.5,0.5
481,860,1,0.0,0.5,0.5
482,535,1,0.0,0.5,0.5
482,536,1,0.0,0.5,0.5
482,635,1,0.0,0.5,0.5
490,504,2,0.393,0.257,0.35
490,634,1,0.0,0.5,0.5
490,635,2,0.393,0.257,0.35
504,634,2,0.393,0.257,0.35
504,635,2,0.393,0.257,0.35
489,490,1,0.0,0.5,0.5
489,504,1,0.0,0.5,0.5
489,635,1,0.0,0.5,0.5
491,779,1,0.0,0.5,0.5
491,860,1,0.0,0.5,0.5
492,493,1,0.0,0.5,0.5
492,494,1,0.0,0.5,0.5
493,494,1,0.0,0.5,0.5
536,1326,1,0.0,0.5,0.5
495,598,1,0.0,0.5,0.5
495,860,1,0.0,0.5,0.5
598,860,2,0.393,0.257,0.35
496,497,1,0.0,0.5,0.5
496,498,1,0.0,0.5,0.5
496,499,1,0.0,0.5,0.5
497,498,1,0.0,0.5,0.5
497,499,1,0.0,0.5,0.5
498,499,1,0.0,0.5,0.5
500,501,1,0.0,0.5,0.5
500,502,1,0.0,0.5,0.5
501,502,1,0.0,0.5,0.5
503,504,1,0.0,0.5,0.5
503,634,1,0.0,0.5,0.5
503,912,1,0.0,0.5,0.5
504,912,1,0.0,0.5,0.5
634,912,1,0.0,0.5,0.5
782,826,1,0.0,0.5,0.5
826,888,1,0.0,0.5,0.5
371,444,1,0.0,0.5,0.5
371,718,1,0.0,0.5,0.5
444,718,1,0.0,0.5,0.5
372,373,2,0.393,0.257,0.35
372,374,2,0.393,0.257,0.35
372,375,2,0.393,0.257,0.35
373,374,1,0.0,0.5,0.5
373,375,1,0.0,0.5,0.5
374,375,2,0.393,0.257,0.35
869,1116,1,0.0,0.5,0.5
869,1120,1,0.0,0.5,0.5
1116,1119,2,0.393,0.257,0.35
1116,1120,3,0.632,0.132,0.236
1119,1120,2,0.393,0.257,0.35
376,405,1,0.0,0.5,0.5
376,1116,1,0.0,0.5,0.5
405,1116,1,0.0,0.5,0.5
377,677,1,0.0,0.5,0.5
377,1068,1,0.0,0.5,0.5
677,1068,1,0.0,0.5,0.5
378,379,1,0.0,0.5,0.5
378,677,1,0.0,0.5,0.5
379,677,1,0.0,0.5,0.5
380,381,1,0.0,0.5,0.5
380,395,1,0.0,0.5,0.5
381,395,1,0.0,0.5,0.5
382,561,1,0.0,0.5,0.5
382,724,1,0.0,0.5,0.5
383,384,1,0.0,0.5,0.5
383,398,1,0.0,0.5,0.5
384,398,1,0.0,0.5,0.5
385,386,1,0.0,0.5,0.5
385,387,1,0.0,0.5,0.5
386,387,1,0.0,0.5,0.5
388,560,1,0.0,0.5,0.5
388,561,1,0.0,0.5,0.5
389,390,1,0.0,0.5,0.5
389,397,1,0.0,0.5,0.5
389,398,1,0.0,0.5,0.5
390,397,1,0.0,0.5,0.5
390,398,1,0.0,0.5,0.5
397,398,2,0.393,0.257,0.35
391,392,1,0.0,0.5,0.5
391,900,1,0.0,0.5,0.5
392,900,1,0.0,0.5,0.5
393,517,1,0.0,0.5,0.5
393,604,1,0.0,0.5,0.5
393,1322,1,0.0,0.5,0.5
517,604,1,0.0,0.5,0.5
517,1322,1,0.0,0.5,0.5
604,1322,1,0.0,0.5,0.5
394,395,1,0.0,0.5,0.5
394,837,1,0.0,0.5,0.5
395,837,1,0.0,0.5,0.5
396,397,1,0.0,0.5,0.5
396,398,1,0.0,0.5,0.5
399,400,1,0.0,0.5,0.5
399,521,1,0.0,0.5,0.5
399,1322,1,0.0,0.5,0.5
400,521,1,0.0,0.5,0.5
400,1322,1,0.0,0.5,0.5
521,1322,1,0.0,0.5,0.5
401,402,1,0.0,0.5,0.5
401,403,1,0.0,0.5,0.5
401,810,1,0.0,0.5,0.5
402,403,2,0.393,0.257,0.35
402,810,1,0.0,0.5,0.5
403,810,2,0.393,0.257,0.35
404,405,1,0.0,0.5,0.5
404,406,1,0.0,0.5,0.5
405,406,1,0.0,0.5,0.5
409,410,1,0.0,0.5,0.5
409,761,1,0.0,0.5,0.5
409,860,1,0.0,0.5,0.5
410,761,1,0.0,0.5,0.5
410,860,1,0.0,0.5,0.5
411,412,1,0.0,0.5,0.5
411,413,1,0.0,0.5,0.5
411,860,1,0.0,0.5,0.5
412,413,1,0.0,0.5,0.5
412,860,1,0.0,0.5,0.5
413,860,1,0.0,0.5,0.5
407,408,1,0.0,0.5,0.5
407,601,1,0.0,0.5,0.5
407,860,1,0.0,0.5,0.5
408,601,1,0.0,0.5,0.5
408,860,1,0.0,0.5,0.5
601,860,6,0.918,0.018,0.064
419,420,1,0.0,0.5,0.5
419,601,1,0.0,0.5,0.5
419,860,2,0.393,0.257,0.35
420,601,1,0.0,0.5,0.5
420,860,1,0.0,0.5,0.5
414,415,1,0.0,0.5,0.5
414,416,1,0.0,0.5,0.5
414,417,1,0.0,0.5,0.5
414,418,1,0.0,0.5,0.5
415,416,1,0.0,0.5,0.5
415,417,1,0.0,0.5,0.5
415,418,1,0.0,0.5,0.5
416,417,1,0.0,0.5,0.5
416,418,1,0.0,0.5,0.5
417,418,1,0.0,0.5,0.5
421,422,1,0.0,0.5,0.5
421,779,1,0.0,0.5,0.5
421,860,1,0.0,0.5,0.5
422,779,1,0.0,0.5,0.5
422,860,2,0.393,0.257,0.35
423,424,1,0.0,0.5,0.5
423,425,1,0.0,0.5,0.5
424,425,1,0.0,0.5,0.5
426,427,1,0.0,0.5,0.5
426,744,1,0.0,0.5,0.5
426,745,1,0.0,0.5,0.5
427,744,1,0.0,0.5,0.5
427,745,1,0.0,0.5,0.5
576,927,1,0.0,0.5,0.5
576,928,1,0.0,0.5,0.5
927,928,2,0.393,0.257,0.35
428,429,1,0.0,0.5,0.5
428,744,1,0.0,0.5,0.5
428,745,1,0.0,0.5,0.5
429,744,1,0.0,0.5,0.5
429,745,1,0.0,0.5,0.5
430,431,1,0.0,0.5,0.5
430,432,1,0.0,0.5,0.5
430,433,1,0.0,0.5,0.5
431,432,1,0.0,0.5,0.5
431,433,1,0.0,0.5,0.5
432,433,1,0.0,0.5,0.5
434,435,1,0.0,0.5,0.5
434,436,1,0.0,0.5,0.5
434,745,1,0.0,0.5,0.5
435,436,1,0.0,0.5,0.5
435,745,1,0.0,0.5,0.5
436,745,1,0.0,0.5,0.5
437,438,1,0.0,0.5,0.5
437,873,1,0.0,0.5,0.5
437,1014,1,0.0,0.5,0.5
438,873,1,0.0,0.5,0.5
438,1014,1,0.0,0.5,0.5
873,1014,1,0.0,0.5,0.5
439,440,1,0.0,0.5,0.5
439,744,1,0.0,0.5,0.5
439,745,1,0.0,0.5,0.5
440,744,1,0.0,0.5,0.5
440,745,1,0.0,0.5,0.5
441,442,1,0.0,0.5,0.5
441,443,1,0.0,0.5,0.5
442,443,1,0.0,0.5,0.5
444,463,1,0.0,0.5,0.5
444,687,1,0.0,0.5,0.5
463,687,1,0.0,0.5,0.5
445,446,1,0.0,0.5,0.5
445,447,1,0.0,0.5,0.5
446,447,1,0.0,0.5,0.5
448,449,1,0.0,0.5,0.5
448,1072,1,0.0,0.5,0.5
449,1072,1,0.0,0.5,0.5
450,451,1,0.0,0.5,0.5
450,649,1,0.0,0.5,0.5
451,649,2,0.393,0.257,0.35
452,577,1,0.0,0.5,0.5
452,578,1,0.0,0.5,0.5
452,996,1,0.0,0.5,0.5
577,996,1,0.0,0.5,0.5
578,996,1,0.0,0.5,0.5
453,454,1,0.0,0.5,0.5
455,456,1,0.0,0.5,0.5
455,462,1,0.0,0.5,0.5
456,462,1,0.0,0.5,0.5
722,748,1,0.0,0.5,0.5
722,1108,1,0.0,0.5,0.5
722,1110,1,0.0,0.5,0.5
748,1108,1,0.0,0.5,0.5
748,1110,1,0.0,0.5,0.5
1108,1110,2,0.393,0.257,0.35
996,1028,2,0.393,0.257,0.35
996,1029,2,0.393,0.257,0.35
1028,1029,3,0.632,0.132,0.236
457,458,2,0.393,0.257,0.35
459,460,1,0.0,0.5,0.5
459,461,1,0.0,0.5,0.5
459,462,1,0.0,0.5,0.5
460,461,1,0.0,0.5,0.5
460,462,1,0.0,0.5,0.5
461,462,1,0.0,0.5,0.5
463,464,1,0.0,0.5,0.5
463,677,1,0.0,0.5,0.5
464,677,1,0.0,0.5,0.5
465,466,1,0.0,0.5,0.5
465,1112,1,0.0,0.5,0.5
466,1112,1,0.0,0.5,0.5
451,677,1,0.0,0.5,0.5
1343,1349,1,0.0,0.5,0.5
1343,1362,1,0.0,0.5,0.5
1344,1345,1,0.0,0.5,0.5
1344,1362,1,0.0,0.5,0.5
1345,1362,1,0.0,0.5,0.5
1302,1346,1,0.0,0.5,0.5
1347,1348,1,0.0,0.5,0.5
327,328,1,0.0,0.5,0.5
327,651,2,0.393,0.257,0.35
328,651,1,0.0,0.5,0.5
1037,1041,1,0.0,0.5,0.5
1037,1106,1,0.0,0.5,0.5
1041,1106,1,0.0,0.5,0.5
329,330,1,0.0,0.5,0.5
329,1093,1,0.0,0.5,0.5
329,1094,1,0.0,0.5,0.5
330,1093,1,0.0,0.5,0.5
330,1094,1,0.0,0.5,0.5
1093,1094,2,0.393,0.257,0.35
331,419,1,0.0,0.5,0.5
331,860,1,0.0,0.5,0.5
332,744,1,0.0,0.5,0.5
332,745,1,0.0,0.5,0.5
333,483,1,0.0,0.5,0.5
333,531,1,0.0,0.5,0.5
333,615,1,0.0,0.5,0.5
334,817,1,0.0,0.5,0.5
334,818,1,0.0,0.5,0.5
467,468,1,0.0,0.5,0.5
467,469,1,0.0,0.5,0.5
467,470,1,0.0,0.5,0.5
468,469,1,0.0,0.5,0.5
468,470,1,0.0,0.5,0.5
469,470,1,0.0,0.5,0.5
325,326,1,0.0,0.5,0.5
325,467,1,0.0,0.5,0.5
326,467,1,0.0,0.5,0.5
336,337,1,0.0,0.5,0.5
336,608,1,0.0,0.5,0.5
336,618,1,0.0,0.5,0.5
337,608,1,0.0,0.5,0.5
337,618,1,0.0,0.5,0.5
608,618,1,0.0,0.5,0.5
338,339,1,0.0,0.5,0.5
338,340,1,0.0,0.5,0.5
338,343,1,0.0,0.5,0.5
339,340,1,0.0,0.5,0.5
339,343,1,0.0,0.5,0.5
340,343,1,0.0,0.5,0.5
341,522,1,0.0,0.5,0.5
341,603,1,0.0,0.5,0.5
341,618,1,0.0,0.5,0.5
522,618,1,0.0,0.5,0.5
603,618,1,0.0,0.5,0.5
342,775,1,0.0,0.5,0.5
342,922,1,0.0,0.5,0.5
342,1322,1,0.0,0.5,0.5
775,922,1,0.0,0.5,0.5
775,1322,1,0.0,0.5,0.5
922,1322,1,0.0,0.5,0.5
343,519,1,0.0,0.5,0.5
343,527,1,0.0,0.5,0.5
519,527,1,0.0,0.5,0.5
344,345,1,0.0,0.5,0.5
344,346,1,0.0,0.5,0.5
344,347,1,0.0,0.5,0.5
345,346,1,0.0,0.5,0.5
345,347,1,0.0,0.5,0.5
346,347,1,0.0,0.5,0.5
348,372,1,0.0,0.5,0.5
348,373,1,0.0,0.5,0.5
349,350,1,0.0,0.5,0.5
349,351,1,0.0,0.5,0.5
350,351,1,0.0,0.5,0.5
365,792,2,0.393,0.257,0.35
365,793,1,0.0,0.5,0.5
352,472,1,0.0,0.5,0.5
352,601,1,0.0,0.5,0.5
352,860,1,0.0,0.5,0.5
472,860,1,0.0,0.5,0.5
353,354,1,0.0,0.5,0.5
353,817,1,0.0,0.5,0.5
353,818,1,0.0,0.5,0.5
354,817,1,0.0,0.5,0.5
354,818,1,0.0,0.5,0.5
355,356,1,0.0,0.5,0.5
355,357,1,0.0,0.5,0.5
355,358,1,0.0,0.5,0.5
356,357,1,0.0,0.5,0.5
356,358,1,0.0,0.5,0.5
357,358,1,0.0,0.5,0.5
359,360,1,0.0,0.5,0.5
359,361,1,0.0,0.5,0.5
360,361,1,0.0,0.5,0.5
362,363,1,0.0,0.5,0.5
362,364,1,0.0,0.5,0.5
362,996,1,0.0,0.5,0.5
363,364,1,0.0,0.5,0.5
363,996,1,0.0,0.5,0.5
364,996,1,0.0,0.5,0.5
403,812,2,0.393,0.257,0.35
403,813,1,0.0,0.5,0.5
365,366,1,0.0,0.5,0.5
366,792,1,0.0,0.5,0.5
367,368,1,0.0,0.5,0.5
367,369,1,0.0,0.5,0.5
368,369,1,0.0,0.5,0.5
335,372,1,0.0,0.5,0.5
335,374,1,0.0,0.5,0.5
335,375,1,0.0,0.5,0.5
370,751,1,0.0,0.5,0.5
370,1139,1,0.0,0.5,0.5
1328,1329,1,0.0,0.5,0.5
1328,1346,1,0.0,0.5,0.5
1329,1346,1,0.0,0.5,0.5
1330,1331,1,0.0,0.5,0.5
1330,1332,1,0.0,0.5,0.5
1331,1332,1,0.0,0.5,0.5
1333,1334,1,0.0,0.5,0.5
1333,1335,1,0.0,0.5,0.5
1333,1339,1,0.0,0.5,0.5
1333,1346,1,0.0,0.5,0.5
1334,1335,1,0.0,0.5,0.5
1334,1339,1,0.0,0.5,0.5
1334,1346,1,0.0,0.5,0.5
1335,1339,1,0.0,0.5,0.5
1335,1346,1,0.0,0.5,0.5
1339,1346,1,0.0,0.5,0.5
1336,1337,1,0.0,0.5,0.5
1336,1338,1,0.0,0.5,0.5
1336,1339,1,0.0,0.5,0.5
1336,1362,1,0.0,0.5,0.5
1337,1338,1,0.0,0.5,0.5
1337,1339,1,0.0,0.5,0.5
1337,1362,1,0.0,0.5,0.5
1338,1339,1,0.0,0.5,0.5
1338,1362,1,0.0,0.5,0.5
1339,1362,1,0.0,0.5,0.5
1340,1341,1,0.0,0.5,0.5
1340,1342,1,0.0,0.5,0.5
1341,1342,1,0.0,0.5,0.5
146,147,1,0.0,0.5,0.5
146,1302,1,0.0,0.5,0.5
146,1362,1,0.0,0.5,0.5
147,1302,1,0.0,0.5,0.5
147,1362,1,0.0,0.5,0.5
148,149,1,0.0,0.5,0.5
148,150,1,0.0,0.5,0.5
148,151,1,0.0,0.5,0.5
149,150,1,0.0,0.5,0.5
149,151,1,0.0,0.5,0.5
150,151,1,0.0,0.5,0.5
152,153,1,0.0,0.5,0.5
152,154,1,0.0,0.5,0.5
152,900,1,0.0,0.5,0.5
153,154,1,0.0,0.5,0.5
153,900,1,0.0,0.5,0.5
154,900,1,0.0,0.5,0.5
155,156,1,0.0,0.5,0.5
157,158,1,0.0,0.5,0.5
157,159,1,0.0,0.5,0.5
157,160,1,0.0,0.5,0.5
158,159,1,0.0,0.5,0.5
158,160,1,0.0,0.5,0.5
159,160,1,0.0,0.5,0.5
161,162,1,0.0,0.5,0.5
161,163,1,0.0,0.5,0.5
161,164,1,0.0,0.5,0.5
161,165,1,0.0,0.5,0.5
161,166,1,0.0,0.5,0.5
162,163,1,0.0,0.5,0.5
162,164,1,0.0,0.5,0.5
162,165,1,0.0,0.5,0.5
162,166,1,0.0,0.5,0.5
163,164,1,0.0,0.5,0.5
163,165,1,0.0,0.5,0.5
163,166,1,0.0,0.5,0.5
164,165,1,0.0,0.5,0.5
164,166,1,0.0,0.5,0.5
165,166,1,0.0,0.5,0.5
167,168,1,0.0,0.5,0.5
167,1042,1,0.0,0.5,0.5
168,1042,1,0.0,0.5,0.5
169,639,1,0.0,0.5,0.5
169,640,1,0.0,0.5,0.5
169,1106,1,0.0,0.5,0.5
639,1106,1,0.0,0.5,0.5
640,1106,1,0.0,0.5,0.5
170,171,1,0.0,0.5,0.5
170,557,1,0.0,0.5,0.5
170,923,1,0.0,0.5,0.5
171,557,1,0.0,0.5,0.5
171,923,1,0.0,0.5,0.5
172,173,1,0.0,0.5,0.5
172,781,1,0.0,0.5,0.5
173,781,1,0.0,0.5,0.5
174,175,1,0.0,0.5,0.5
174,410,1,0.0,0.5,0.5
174,859,1,0.0,0.5,0.5
175,410,1,0.0,0.5,0.5
175,859,1,0.0,0.5,0.5
410,859,1,0.0,0.5,0.5
176,408,1,0.0,0.5,0.5
176,409,1,0.0,0.5,0.5
176,859,1,0.0,0.5,0.5
408,409,1,0.0,0.5,0.5
408,859,1,0.0,0.5,0.5
409,859,1,0.0,0.5,0.5
177,178,1,0.0,0.5,0.5
177,179,1,0.0,0.5,0.5
177,859,1,0.0,0.5,0.5
178,179,1,0.0,0.5,0.5
178,859,1,0.0,0.5,0.5
179,859,1,0.0,0.5,0.5
180,181,1,0.0,0.5,0.5
180,1064,1,0.0,0.5,0.5
180,1125,1,0.0,0.5,0.5
181,1064,1,0.0,0.5,0.5
181,1125,1,0.0,0.5,0.5
1064,1125,1,0.0,0.5,0.5
182,183,1,0.0,0.5,0.5
182,184,1,0.0,0.5,0.5
183,184,1,0.0,0.5,0.5
184,185,1,0.0,0.5,0.5
184,186,1,0.0,0.5,0.5
185,186,1,0.0,0.5,0.5
190,1081,1,0.0,0.5,0.5
190,1125,2,0.393,0.257,0.35
1081,1125,2,0.393,0.257,0.35
187,249,1,0.0,0.5,0.5
187,250,1,0.0,0.5,0.5
187,817,1,0.0,0.5,0.5
249,250,2,0.393,0.257,0.35
249,817,2,0.393,0.257,0.35
250,817,2,0.393,0.257,0.35
188,189,1,0.0,0.5,0.5
188,715,1,0.0,0.5,0.5
189,715,1,0.0,0.5,0.5
190,191,1,0.0,0.5,0.5
191,1125,1,0.0,0.5,0.5
192,455,1,0.0,0.5,0.5
192,576,1,0.0,0.5,0.5
455,576,1,0.0,0.5,0.5
193,1116,1,0.0,0.5,0.5
193,1119,1,0.0,0.5,0.5
194,195,1,0.0,0.5,0.5
194,196,1,0.0,0.5,0.5
194,404,1,0.0,0.5,0.5
195,196,1,0.0,0.5,0.5
195,404,1,0.0,0.5,0.5
196,404,1,0.0,0.5,0.5
214,652,1,0.0,0.5,0.5
214,1025,1,0.0,0.5,0.5
197,403,1,0.0,0.5,0.5
197,570,1,0.0,0.5,0.5
197,812,1,0.0,0.5,0.5
403,570,2,0.393,0.257,0.35
570,812,1,0.0,0.5,0.5
198,199,1,0.0,0.5,0.5
198,200,1,0.0,0.5,0.5
199,200,1,0.0,0.5,0.5
201,202,1,0.0,0.5,0.5
201,203,1,0.0,0.5,0.5
201,213,1,0.0,0.5,0.5
202,203,1,0.0,0.5,0.5
202,213,1,0.0,0.5,0.5
203,213,1,0.0,0.5,0.5
204,205,1,0.0,0.5,0.5
204,206,1,0.0,0.5,0.5
204,652,1,0.0,0.5,0.5
205,206,1,0.0,0.5,0.5
205,652,1,0.0,0.5,0.5
206,652,1,0.0,0.5,0.5
207,208,1,0.0,0.5,0.5
207,209,1,0.0,0.5,0.5
207,1025,1,0.0,0.5,0.5
208,209,1,0.0,0.5,0.5
208,1025,1,0.0,0.5,0.5
209,1025,1,0.0,0.5,0.5
210,211,1,0.0,0.5,0.5
210,212,1,0.0,0.5,0.5
210,213,1,0.0,0.5,0.5
211,212,1,0.0,0.5,0.5
211,213,1,0.0,0.5,0.5
212,213,1,0.0,0.5,0.5
214,215,1,0.0,0.5,0.5
214,216,1,0.0,0.5,0.5
214,651,1,0.0,0.5,0.5
215,216,1,0.0,0.5,0.5
215,651,1,0.0,0.5,0.5
216,651,1,0.0,0.5,0.5
217,218,1,0.0,0.5,0.5
217,579,1,0.0,0.5,0.5
218,579,1,0.0,0.5,0.5
219,220,1,0.0,0.5,0.5
219,221,1,0.0,0.5,0.5
219,744,1,0.0,0.5,0.5
220,221,1,0.0,0.5,0.5
220,744,1,0.0,0.5,0.5
221,744,1,0.0,0.5,0.5
485,601,2,0.393,0.257,0.35
485,860,3,0.632,0.132,0.236
485,889,2,0.393,0.257,0.35
601,889,2,0.393,0.257,0.35
860,889,2,0.393,0.257,0.35
222,223,1,0.0,0.5,0.5
222,734,1,0.0,0.5,0.5
222,1141,1,0.0,0.5,0.5
223,734,1,0.0,0.5,0.5
223,1141,1,0.0,0.5,0.5
734,1141,1,0.0,0.5,0.5
224,720,1,0.0,0.5,0.5
224,734,1,0.0,0.5,0.5
720,734,1,0.0,0.5,0.5
228,568,2,0.393,0.257,0.35
228,817,1,0.0,0.5,0.5
228,819,1,0.0,0.5,0.5
568,817,1,0.0,0.5,0.5
568,819,1,0.0,0.5,0.5
225,226,1,0.0,0.5,0.5
225,227,1,0.0,0.5,0.5
225,871,1,0.0,0.5,0.5
226,227,1,0.0,0.5,0.5
226,871,1,0.0,0.5,0.5
227,871,1,0.0,0.5,0.5
228,569,1,0.0,0.5,0.5
228,1136,1,0.0,0.5,0.5
568,1136,1,0.0,0.5,0.5
569,1136,1,0.0,0.5,0.5
229,230,1,0.0,0.5,0.5
229,231,1,0.0,0.5,0.5
229,871,1,0.0,0.5,0.5
230,231,1,0.0,0.5,0.5
230,871,1,0.0,0.5,0.5
231,871,1,0.0,0.5,0.5
232,248,1,0.0,0.5,0.5
232,334,1,0.0,0.5,0.5
232,642,2,0.393,0.257,0.35
248,334,1,0.0,0.5,0.5
248,642,1,0.0,0.5,0.5
334,642,1,0.0,0.5,0.5
232,746,1,0.0,0.5,0.5
232,1137,1,0.0,0.5,0.5
642,746,1,0.0,0.5,0.5
642,1137,1,0.0,0.5,0.5
746,1137,1,0.0,0.5,0.5
261,812,2,0.393,0.257,0.35
261,813,2,0.393,0.257,0.35
233,434,1,0.0,0.5,0.5
233,817,1,0.0,0.5,0.5
234,235,1,0.0,0.5,0.5
234,236,1,0.0,0.5,0.5
234,237,1,0.0,0.5,0.5
235,236,1,0.0,0.5,0.5
235,237,1,0.0,0.5,0.5
236,237,1,0.0,0.5,0.5
238,239,1,0.0,0.5,0.5
238,240,1,0.0,0.5,0.5
238,796,1,0.0,0.5,0.5
239,240,1,0.0,0.5,0.5
239,796,1,0.0,0.5,0.5
240,796,1,0.0,0.5,0.5
241,242,1,0.0,0.5,0.5
241,499,1,0.0,0.5,0.5
242,499,1,0.0,0.5,0.5
243,500,1,0.0,0.5,0.5
243,962,1,0.0,0.5,0.5
500,962,1,0.0,0.5,0.5
259,260,2,0.393,0.257,0.35
259,744,2,0.393,0.257,0.35
259,1137,2,0.393,0.257,0.35
260,744,2,0.393,0.257,0.35
260,1137,2,0.393,0.257,0.35
744,1137,4,0.777,0.068,0.155
244,245,1,0.0,0.5,0.5
244,744,1,0.0,0.5,0.5
244,1137,1,0.0,0.5,0.5
245,744,1,0.0,0.5,0.5
245,1137,1,0.0,0.5,0.5
246,247,1,0.0,0.5,0.5
246,744,1,0.0,0.5,0.5
246,1137,1,0.0,0.5,0.5
247,744,1,0.0,0.5,0.5
247,1137,1,0.0,0.5,0.5
248,249,1,0.0,0.5,0.5
248,250,1,0.0,0.5,0.5
248,817,1,0.0,0.5,0.5
251,252,1,0.0,0.5,0.5
251,253,2,0.393,0.257,0.35
251,254,1,0.0,0.5,0.5
252,253,1,0.0,0.5,0.5
252,254,1,0.0,0.5,0.5
253,254,1,0.0,0.5,0.5
255,256,1,0.0,0.5,0.5
255,257,1,0.0,0.5,0.5
255,258,1,0.0,0.5,0.5
256,257,1,0.0,0.5,0.5
256,258,1,0.0,0.5,0.5
257,258,1,0.0,0.5,0.5
261,402,1,0.0,0.5,0.5
402,812,1,0.0,0.5,0.5
402,813,1,0.0,0.5,0.5
739,743,1,0.0,0.5,0.5
743,746,1,0.0,0.5,0.5
262,263,1,0.0,0.5,0.5
262,264,1,0.0,0.5,0.5
262,1158,1,0.0,0.5,0.5
263,264,1,0.0,0.5,0.5
263,1158,1,0.0,0.5,0.5
264,1158,1,0.0,0.5,0.5
265,266,1,0.0,0.5,0.5
265,267,1,0.0,0.5,0.5
265,268,1,0.0,0.5,0.5
265,269,1,0.0,0.5,0.5
265,270,1,0.0,0.5,0.5
266,267,1,0.0,0.5,0.5
266,268,1,0.0,0.5,0.5
266,269,1,0.0,0.5,0.5
266,270,1,0.0,0.5,0.5
267,268,1,0.0,0.5,0.5
267,269,1,0.0,0.5,0.5
267,270,1,0.0,0.5,0.5
268,269,1,0.0,0.5,0.5
268,270,1,0.0,0.5,0.5
269,270,1,0.0,0.5,0.5
271,272,1,0.0,0.5,0.5
271,273,1,0.0,0.5,0.5
271,274,1,0.0,0.5,0.5
271,275,1,0.0,0.5,0.5
271,276,1,0.0,0.5,0.5
271,277,1,0.0,0.5,0.5
272,273,1,0.0,0.5,0.5
272,274,1,0.0,0.5,0.5
272,275,1,0.0,0.5,0.5
272,276,1,0.0,0.5,0.5
272,277,1,0.0,0.5,0.5
273,274,1,0.0,0.5,0.5
273,275,1,0.0,0.5,0.5
273,276,1,0.0,0.5,0.5
273,277,1,0.0,0.5,0.5
274,275,1,0.0,0.5,0.5
274,276,1,0.0,0.5,0.5
274,277,1,0.0,0.5,0.5
275,276,1,0.0,0.5,0.5
275,277,1,0.0,0.5,0.5
276,277,1,0.0,0.5,0.5
278,279,1,0.0,0.5,0.5
278,280,1,0.0,0.5,0.5
278,281,1,0.0,0.5,0.5
278,282,1,0.0,0.5,0.5
278,283,1,0.0,0.5,0.5
279,280,1,0.0,0.5,0.5
279,281,1,0.0,0.5,0.5
279,282,1,0.0,0.5,0.5
279,283,1,0.0,0.5,0.5
280,281,1,0.0,0.5,0.5
280,282,1,0.0,0.5,0.5
280,283,1,0.0,0.5,0.5
281,282,1,0.0,0.5,0.5
281,283,1,0.0,0.5,0.5
282,283,1,0.0,0.5,0.5
284,285,1,0.0,0.5,0.5
284,286,1,0.0,0.5,0.5
284,287,1,0.0,0.5,0.5
285,286,1,0.0,0.5,0.5
285,287,1,0.0,0.5,0.5
286,287,1,0.0,0.5,0.5
287,288,1,0.0,0.5,0.5
287,289,1,0.0,0.5,0.5
287,290,1,0.0,0.5,0.5
288,289,1,0.0,0.5,0.5
288,290,1,0.0,0.5,0.5
289,290,1,0.0,0.5,0.5
291,292,1,0.0,0.5,0.5
291,293,1,0.0,0.5,0.5
291,792,1,0.0,0.5,0.5
292,293,1,0.0,0.5,0.5
292,792,1,0.0,0.5,0.5
293,792,1,0.0,0.5,0.5
294,295,1,0.0,0.5,0.5
294,296,1,0.0,0.5,0.5
295,296,1,0.0,0.5,0.5
297,298,1,0.0,0.5,0.5
297,299,1,0.0,0.5,0.5
297,1055,1,0.0,0.5,0.5
298,299,1,0.0,0.5,0.5
298,1055,1,0.0,0.5,0.5
299,1055,1,0.0,0.5,0.5
300,301,1,0.0,0.5,0.5
300,302,1,0.0,0.5,0.5
301,302,1,0.0,0.5,0.5
303,304,1,0.0,0.5,0.5
303,305,1,0.0,0.5,0.5
303,306,1,0.0,0.5,0.5
304,305,1,0.0,0.5,0.5
304,306,1,0.0,0.5,0.5
305,306,1,0.0,0.5,0.5
307,308,1,0.0,0.5,0.5
307,309,1,0.0,0.5,0.5
307,310,1,0.0,0.5,0.5
308,309,1,0.0,0.5,0.5
308,310,1,0.0,0.5,0.5
309,310,1,0.0,0.5,0.5
311,917,1,0.0,0.5,0.5
311,919,1,0.0,0.5,0.5
311,1082,1,0.0,0.5,0.5
917,919,2,0.393,0.257,0.35
917,1082,2,0.393,0.257,0.35
919,1082,2,0.393,0.257,0.35
312,543,1,0.0,0.5,0.5
312,546,1,0.0,0.5,0.5
313,315,1,0.0,0.5,0.5
313,316,2,0.393,0.257,0.35
315,316,2,0.393,0.257,0.35
315,682,1,0.0,0.5,0.5
315,1082,1,0.0,0.5,0.5
313,314,1,0.0,0.5,0.5
314,316,1,0.0,0.5,0.5
315,1083,1,0.0,0.5,0.5
316,1083,1,0.0,0.5,0.5
317,318,1,0.0,0.5,0.5
317,319,1,0.0,0.5,0.5
318,319,1,0.0,0.5,0.5
320,728,1,0.0,0.5,0.5
320,929,1,0.0,0.5,0.5
728,929,1,0.0,0.5,0.5
321,636,1,0.0,0.5,0.5
321,842,1,0.0,0.5,0.5
636,842,1,0.0,0.5,0.5
322,729,1,0.0,0.5,0.5
322,929,1,0.0,0.5,0.5
729,929,1,0.0,0.5,0.5
323,324,1,0.0,0.5,0.5
323,1113,1,0.0,0.5,0.5
323,1114,1,0.0,0.5,0.5
324,1113,1,0.0,0.5,0.5
324,1114,1,0.0,0.5,0.5
65,66,1,0.0,0.5,0.5
65,634,1,0.0,0.5,0.5
65,635,1,0.0,0.5,0.5
66,634,1,0.0,0.5,0.5
66,635,1,0.0,0.5,0.5
67,68,1,0.0,0.5,0.5
67,69,1,0.0,0.5,0.5
67,634,1,0.0,0.5,0.5
68,69,1,0.0,0.5,0.5
68,634,1,0.0,0.5,0.5
69,634,1,0.0,0.5,0.5
70,477,1,0.0,0.5,0.5
70,761,1,0.0,0.5,0.5
70,860,1,0.0,0.5,0.5
71,422,1,0.0,0.5,0.5
71,598,1,0.0,0.5,0.5
71,860,1,0.0,0.5,0.5
422,598,1,0.0,0.5,0.5
72,80,1,0.0,0.5,0.5
72,779,1,0.0,0.5,0.5
72,860,1,0.0,0.5,0.5
80,779,1,0.0,0.5,0.5
80,860,2,0.393,0.257,0.35
75,76,1,0.0,0.5,0.5
75,178,1,0.0,0.5,0.5
75,860,1,0.0,0.5,0.5
76,178,1,0.0,0.5,0.5
76,860,1,0.0,0.5,0.5
178,860,1,0.0,0.5,0.5
479,846,1,0.0,0.5,0.5
479,847,1,0.0,0.5,0.5
846,847,2,0.393,0.257,0.35
81,601,1,0.0,0.5,0.5
81,749,1,0.0,0.5,0.5
81,750,1,0.0,0.5,0.5
601,749,1,0.0,0.5,0.5
601,750,1,0.0,0.5,0.5
77,78,1,0.0,0.5,0.5
77,601,1,0.0,0.5,0.5
77,860,1,0.0,0.5,0.5
78,601,1,0.0,0.5,0.5
78,860,1,0.0,0.5,0.5
81,477,1,0.0,0.5,0.5
81,485,1,0.0,0.5,0.5
81,860,1,0.0,0.5,0.5
477,485,1,0.0,0.5,0.5
79,80,1,0.0,0.5,0.5
79,780,1,0.0,0.5,0.5
79,860,1,0.0,0.5,0.5
80,780,1,0.0,0.5,0.5
81,82,1,0.0,0.5,0.5
81,83,1,0.0,0.5,0.5
82,83,1,0.0,0.5,0.5
84,85,1,0.0,0.5,0.5
84,601,1,0.0,0.5,0.5
84,664,1,0.0,0.5,0.5
85,601,1,0.0,0.5,0.5
85,664,1,0.0,0.5,0.5
86,479,1,0.0,0.5,0.5
86,480,1,0.0,0.5,0.5
86,794,1,0.0,0.5,0.5
479,794,1,0.0,0.5,0.5
480,794,1,0.0,0.5,0.5
499,645,1,0.0,0.5,0.5
499,646,1,0.0,0.5,0.5
87,88,1,0.0,0.5,0.5
87,782,1,0.0,0.5,0.5
87,889,1,0.0,0.5,0.5
88,782,1,0.0,0.5,0.5
88,889,1,0.0,0.5,0.5
89,90,1,0.0,0.5,0.5
89,91,1,0.0,0.5,0.5
89,782,1,0.0,0.5,0.5
90,91,1,0.0,0.5,0.5
90,782,1,0.0,0.5,0.5
91,782,1,0.0,0.5,0.5
95,96,1,0.0,0.5,0.5
95,737,1,0.0,0.5,0.5
95,831,1,0.0,0.5,0.5
96,737,1,0.0,0.5,0.5
96,831,1,0.0,0.5,0.5
737,831,4,0.777,0.068,0.155
97,98,1,0.0,0.5,0.5
97,737,1,0.0,0.5,0.5
97,831,1,0.0,0.5,0.5
98,737,1,0.0,0.5,0.5
98,831,1,0.0,0.5,0.5
99,100,1,0.0,0.5,0.5
99,737,1,0.0,0.5,0.5
99,831,1,0.0,0.5,0.5
100,737,1,0.0,0.5,0.5
100,831,1,0.0,0.5,0.5
101,737,1,0.0,0.5,0.5
101,831,1,0.0,0.5,0.5
102,103,1,0.0,0.5,0.5
102,104,1,0.0,0.5,0.5
102,831,1,0.0,0.5,0.5
103,104,1,0.0,0.5,0.5
103,831,1,0.0,0.5,0.5
104,831,1,0.0,0.5,0.5
402,570,1,0.0,0.5,0.5
105,106,1,0.0,0.5,0.5
105,107,1,0.0,0.5,0.5
105,745,1,0.0,0.5,0.5
106,107,1,0.0,0.5,0.5
106,745,1,0.0,0.5,0.5
107,745,1,0.0,0.5,0.5
108,109,1,0.0,0.5,0.5
108,110,1,0.0,0.5,0.5
108,831,1,0.0,0.5,0.5
109,110,1,0.0,0.5,0.5
109,831,1,0.0,0.5,0.5
110,831,1,0.0,0.5,0.5
111,112,1,0.0,0.5,0.5
111,113,1,0.0,0.5,0.5
111,831,1,0.0,0.5,0.5
112,113,1,0.0,0.5,0.5
112,831,1,0.0,0.5,0.5
113,831,1,0.0,0.5,0.5
114,130,1,0.0,0.5,0.5
114,736,1,0.0,0.5,0.5
130,736,1,0.0,0.5,0.5
115,116,1,0.0,0.5,0.5
115,117,1,0.0,0.5,0.5
115,753,1,0.0,0.5,0.5
116,117,1,0.0,0.5,0.5
116,753,1,0.0,0.5,0.5
117,753,1,0.0,0.5,0.5
118,119,1,0.0,0.5,0.5
118,120,1,0.0,0.5,0.5
119,120,1,0.0,0.5,0.5
121,122,1,0.0,0.5,0.5
121,123,1,0.0,0.5,0.5
121,753,1,0.0,0.5,0.5
122,123,1,0.0,0.5,0.5
122,753,1,0.0,0.5,0.5
123,753,1,0.0,0.5,0.5
124,125,1,0.0,0.5,0.5
124,126,1,0.0,0.5,0.5
124,753,1,0.0,0.5,0.5
125,126,1,0.0,0.5,0.5
125,753,1,0.0,0.5,0.5
126,753,1,0.0,0.5,0.5
127,128,1,0.0,0.5,0.5
127,129,1,0.0,0.5,0.5
127,130,1,0.0,0.5,0.5
128,129,1,0.0,0.5,0.5
128,130,1,0.0,0.5,0.5
129,130,1,0.0,0.5,0.5
131,132,1,0.0,0.5,0.5
131,251,1,0.0,0.5,0.5
131,253,1,0.0,0.5,0.5
132,251,1,0.0,0.5,0.5
132,253,1,0.0,0.5,0.5
569,642,1,0.0,0.5,0.5
569,744,1,0.0,0.5,0.5
569,745,1,0.0,0.5,0.5
642,744,1,0.0,0.5,0.5
642,745,1,0.0,0.5,0.5
92,93,1,0.0,0.5,0.5
92,94,1,0.0,0.5,0.5
92,889,1,0.0,0.5,0.5
93,94,1,0.0,0.5,0.5
93,889,1,0.0,0.5,0.5
94,889,1,0.0,0.5,0.5
133,134,1,0.0,0.5,0.5
133,135,1,0.0,0.5,0.5
133,1136,1,0.0,0.5,0.5
134,135,1,0.0,0.5,0.5
134,1136,1,0.0,0.5,0.5
135,1136,1,0.0,0.5,0.5
136,137,1,0.0,0.5,0.5
136,221,1,0.0,0.5,0.5
136,831,1,0.0,0.5,0.5
137,221,1,0.0,0.5,0.5
137,831,1,0.0,0.5,0.5
221,831,1,0.0,0.5,0.5
138,139,1,0.0,0.5,0.5
138,140,1,0.0,0.5,0.5
138,745,1,0.0,0.5,0.5
139,140,1,0.0,0.5,0.5
139,745,1,0.0,0.5,0.5
140,745,1,0.0,0.5,0.5
141,142,1,0.0,0.5,0.5
141,143,1,0.0,0.5,0.5
141,144,1,0.0,0.5,0.5
142,143,1,0.0,0.5,0.5
142,144,1,0.0,0.5,0.5
143,144,1,0.0,0.5,0.5
203,327,1,0.0,0.5,0.5
203,651,1,0.0,0.5,0.5
145,643,1,0.0,0.5,0.5
145,1137,1,0.0,0.5,0.5
643,1137,1,0.0,0.5,0.5
73,74,1,0.0,0.5,0.5
73,176,1,0.0,0.5,0.5
73,860,1,0.0,0.5,0.5
74,176,1,0.0,0.5,0.5
74,860,1,0.0,0.5,0.5
176,860,1,0.0,0.5,0.5
1204,1208,3,0.632,0.132,0.236
59,60,2,0.393,0.257,0.35
9,10,1,0.0,0.5,0.5
9,11,1,0.0,0.5,0.5
9,276,1,0.0,0.5,0.5
10,11,1,0.0,0.5,0.5
10,276,1,0.0,0.5,0.5
11,276,1,0.0,0.5,0.5
15,16,1,0.0,0.5,0.5
17,18,1,0.0,0.5,0.5
19,20,1,0.0,0.5,0.5
603,1321,1,0.0,0.5,0.5
603,1322,1,0.0,0.5,0.5
603,1323,1,0.0,0.5,0.5
1321,1322,1,0.0,0.5,0.5
1321,1323,1,0.0,0.5,0.5
1322,1323,1,0.0,0.5,0.5
1317,1318,1,0.0,0.5,0.5
1317,1319,1,0.0,0.5,0.5
1317,1320,1,0.0,0.5,0.5
1318,1319,1,0.0,0.5,0.5
1318,1320,1,0.0,0.5,0.5
1319,1320,1,0.0,0.5,0.5
1315,1316,1,0.0,0.5,0.5
1315,1362,2,0.393,0.257,0.35
1316,1362,1,0.0,0.5,0.5
1324,1325,1,0.0,0.5,0.5
1324,1326,1,0.0,0.5,0.5
1324,1327,1,0.0,0.5,0.5
1325,1326,1,0.0,0.5,0.5
1325,1327,1,0.0,0.5,0.5
1326,1327,1,0.0,0.5,0.5
1310,1311,1,0.0,0.5,0.5
1310,1312,1,0.0,0.5,0.5
1310,1315,1,0.0,0.5,0.5
1310,1350,1,0.0,0.5,0.5
1310,1362,1,0.0,0.5,0.5
1311,1312,1,0.0,0.5,0.5
1311,1315,1,0.0,0.5,0.5
1311,1350,1,0.0,0.5,0.5
1311,1362,1,0.0,0.5,0.5
1312,1315,1,0.0,0.5,0.5
1312,1350,1,0.0,0.5,0.5
1312,1362,1,0.0,0.5,0.5
1315,1350,1,0.0,0.5,0.5
1307,1308,1,0.0,0.5,0.5
1307,1309,2,0.393,0.257,0.35
1308,1309,1,0.0,0.5,0.5
1306,1307,1,0.0,0.5,0.5
1306,1309,1,0.0,0.5,0.5
1303,1304,1,0.0,0.5,0.5
1303,1305,1,0.0,0.5,0.5
1303,1315,1,0.0,0.5,0.5
1304,1305,1,0.0,0.5,0.5
1304,1315,1,0.0,0.5,0.5
1305,1315,1,0.0,0.5,0.5
1313,1314,1,0.0,0.5,0.5
1289,1290,1,0.0,0.5,0.5
1291,1292,1,0.0,0.5,0.5
1293,1294,1,0.0,0.5,0.5
1293,1295,1,0.0,0.5,0.5
1294,1295,1,0.0,0.5,0.5
1296,1297,1,0.0,0.5,0.5
1296,1298,2,0.393,0.257,0.35
1296,1299,2,0.393,0.257,0.35
1296,1300,1,0.0,0.5,0.5
1297,1298,1,0.0,0.5,0.5
1297,1299,1,0.0,0.5,0.5
1297,1300,1,0.0,0.5,0.5
1298,1299,2,0.393,0.257,0.35
1298,1300,1,0.0,0.5,0.5
1299,1300,1,0.0,0.5,0.5
1282,1328,1,0.0,0.5,0.5
1283,1284,1,0.0,0.5,0.5
1283,1296,1,0.0,0.5,0.5
1283,1298,1,0.0,0.5,0.5
1283,1299,1,0.0,0.5,0.5
1284,1296,1,0.0,0.5,0.5
1284,1298,1,0.0,0.5,0.5
1284,1299,1,0.0,0.5,0.5
1280,1289,1,0.0,0.5,0.5
1263,1264,1,0.0,0.5,0.5
1263,1265,1,0.0,0.5,0.5
1264,1265,1,0.0,0.5,0.5
1267,1268,1,0.0,0.5,0.5
1269,1270,1,0.0,0.5,0.5
1269,1271,1,0.0,0.5,0.5
1270,1271,1,0.0,0.5,0.5
1272,1273,1,0.0,0.5,0.5
1272,1274,1,0.0,0.5,0.5
1272,1275,1,0.0,0.5,0.5
1272,1276,1,0.0,0.5,0.5
1273,1274,1,0.0,0.5,0.5
1273,1275,1,0.0,0.5,0.5
1273,1276,1,0.0,0.5,0.5
1274,1275,1,0.0,0.5,0.5
1274,1276,1,0.0,0.5,0.5
1275,1276,1,0.0,0.5,0.5
1253,1254,1,0.0,0.5,0.5
1253,1256,1,0.0,0.5,0.5
1253,1258,1,0.0,0.5,0.5
1254,1256,1,0.0,0.5,0.5
1254,1258,1,0.0,0.5,0.5
1256,1258,2,0.393,0.257,0.35
1255,1256,1,0.0,0.5,0.5
1255,1257,1,0.0,0.5,0.5
1255,1258,1,0.0,0.5,0.5
1256,1257,1,0.0,0.5,0.5
1257,1258,1,0.0,0.5,0.5
1225,1229,1,0.0,0.5,0.5
1225,1230,1,0.0,0.5,0.5
1229,1230,3,0.632,0.132,0.236
1226,1227,1,0.0,0.5,0.5
1228,1229,2,0.393,0.257,0.35
1228,1230,2,0.393,0.257,0.35
1231,1232,1,0.0,0.5,0.5
1231,1233,1,0.0,0.5,0.5
1232,1233,1,0.0,0.5,0.5
1204,1205,1,0.0,0.5,0.5
1204,1206,1,0.0,0.5,0.5
1205,1206,1,0.0,0.5,0.5
1205,1208,1,0.0,0.5,0.5
1206,1208,1,0.0,0.5,0.5
1207,1208,1,0.0,0.5,0.5
1207,1209,1,0.0,0.5,0.5
1207,1210,1,0.0,0.5,0.5
1208,1209,1,0.0,0.5,0.5
1208,1210,1,0.0,0.5,0.5
1209,1210,1,0.0,0.5,0.5
1192,1193,1,0.0,0.5,0.5
1192,1294,1,0.0,0.5,0.5
1193,1294,1,0.0,0.5,0.5
1159,1160,1,0.0,0.5,0.5
1159,1161,1,0.0,0.5,0.5
1159,1294,1,0.0,0.5,0.5
1160,1161,1,0.0,0.5,0.5
1160,1294,1,0.0,0.5,0.5
1161,1294,1,0.0,0.5,0.5
1162,1163,1,0.0,0.5,0.5
1162,1164,1,0.0,0.5,0.5
1162,1165,1,0.0,0.5,0.5
1163,1164,1,0.0,0.5,0.5
1163,1165,1,0.0,0.5,0.5
1164,1165,1,0.0,0.5,0.5
1166,1167,1,0.0,0.5,0.5
1166,1168,1,0.0,0.5,0.5
1166,1169,1,0.0,0.5,0.5
1167,1168,1,0.0,0.5,0.5
1167,1169,1,0.0,0.5,0.5
1168,1169,1,0.0,0.5,0.5
1170,1171,1,0.0,0.5,0.5
1170,1172,1,0.0,0.5,0.5
1170,1204,1,0.0,0.5,0.5
1171,1172,1,0.0,0.5,0.5
1171,1204,1,0.0,0.5,0.5
1172,1204,1,0.0,0.5,0.5
1173,1174,1,0.0,0.5,0.5
1173,1175,1,0.0,0.5,0.5
1173,1240,2,0.393,0.257,0.35
1174,1175,1,0.0,0.5,0.5
1174,1240,1,0.0,0.5,0.5
1175,1240,1,0.0,0.5,0.5
1176,1177,1,0.0,0.5,0.5
1176,1178,1,0.0,0.5,0.5
1176,1179,1,0.0,0.5,0.5
1177,1178,1,0.0,0.5,0.5
1177,1179,1,0.0,0.5,0.5
1178,1179,1,0.0,0.5,0.5
1181,1182,1,0.0,0.5,0.5
1150,1151,1,0.0,0.5,0.5
1150,1152,1,0.0,0.5,0.5
1150,1208,1,0.0,0.5,0.5
1151,1152,1,0.0,0.5,0.5
1151,1208,1,0.0,0.5,0.5
1152,1208,1,0.0,0.5,0.5
1153,1154,1,0.0,0.5,0.5
1156,1157,2,0.393,0.257,0.35
1136,1137,1,0.0,0.5,0.5
1136,1139,1,0.0,0.5,0.5
1137,1139,1,0.0,0.5,0.5
1138,1139,1,0.0,0.5,0.5
1138,1140,1,0.0,0.5,0.5
1139,1140,1,0.0,0.5,0.5
1141,1142,1,0.0,0.5,0.5
1143,1145,1,0.0,0.5,0.5
1143,1146,1,0.0,0.5,0.5
1145,1146,2,0.393,0.257,0.35
1144,1145,1,0.0,0.5,0.5
1144,1146,1,0.0,0.5,0.5
1112,1113,1,0.0,0.5,0.5
1112,1114,1,0.0,0.5,0.5
1112,1115,1,0.0,0.5,0.5
1113,1115,1,0.0,0.5,0.5
1114,1115,1,0.0,0.5,0.5
1116,1117,1,0.0,0.5,0.5
1116,1118,1,0.0,0.5,0.5
1117,1118,1,0.0,0.5,0.5
1119,1121,1,0.0,0.5,0.5
1120,1121,1,0.0,0.5,0.5
1122,1123,1,0.0,0.5,0.5
1122,1124,1,0.0,0.5,0.5
1123,1124,1,0.0,0.5,0.5
1125,1126,1,0.0,0.5,0.5
1125,1127,1,0.0,0.5,0.5
1126,1127,1,0.0,0.5,0.5
1133,1134,1,0.0,0.5,0.5
1133,1135,1,0.0,0.5,0.5
1134,1135,1,0.0,0.5,0.5
1128,1129,1,0.0,0.5,0.5
1128,1130,1,0.0,0.5,0.5
1128,1131,1,0.0,0.5,0.5
1128,1132,1,0.0,0.5,0.5
1129,1130,1,0.0,0.5,0.5
1129,1131,1,0.0,0.5,0.5
1129,1132,1,0.0,0.5,0.5
1130,1131,1,0.0,0.5,0.5
1130,1132,1,0.0,0.5,0.5
1131,1132,1,0.0,0.5,0.5
1085,1086,1,0.0,0.5,0.5
1085,1087,1,0.0,0.5,0.5
1086,1087,1,0.0,0.5,0.5
1088,1089,1,0.0,0.5,0.5
1088,1118,1,0.0,0.5,0.5
1089,1118,1,0.0,0.5,0.5
1090,1091,1,0.0,0.5,0.5
1090,1092,1,0.0,0.5,0.5
1091,1092,1,0.0,0.5,0.5
1093,1095,1,0.0,0.5,0.5
1093,1096,1,0.0,0.5,0.5
1094,1095,1,0.0,0.5,0.5
1094,1096,1,0.0,0.5,0.5
1095,1096,1,0.0,0.5,0.5
1097,1098,1,0.0,0.5,0.5
1097,1099,1,0.0,0.5,0.5
1098,1099,1,0.0,0.5,0.5
1100,1101,1,0.0,0.5,0.5
1100,1102,1,0.0,0.5,0.5
1101,1102,1,0.0,0.5,0.5
1103,1104,1,0.0,0.5,0.5
1103,1105,1,0.0,0.5,0.5
1104,1105,1,0.0,0.5,0.5
1106,1107,1,0.0,0.5,0.5
1106,1238,1,0.0,0.5,0.5
1107,1238,1,0.0,0.5,0.5
1108,1109,1,0.0,0.5,0.5
1109,1110,1,0.0,0.5,0.5
1033,1034,1,0.0,0.5,0.5
1033,1035,1,0.0,0.5,0.5
1034,1035,1,0.0,0.5,0.5
1036,1037,1,0.0,0.5,0.5
1036,1038,1,0.0,0.5,0.5
1037,1038,1,0.0,0.5,0.5
1040,1041,1,0.0,0.5,0.5
1040,1042,1,0.0,0.5,0.5
1039,1046,1,0.0,0.5,0.5
1039,1245,1,0.0,0.5,0.5
1046,1245,1,0.0,0.5,0.5
1043,1044,1,0.0,0.5,0.5
1043,1045,1,0.0,0.5,0.5
1043,1046,1,0.0,0.5,0.5
1044,1045,1,0.0,0.5,0.5
1044,1046,1,0.0,0.5,0.5
1045,1046,1,0.0,0.5,0.5
1047,1048,1,0.0,0.5,0.5
1047,1049,1,0.0,0.5,0.5
1047,1055,1,0.0,0.5,0.5
1048,1049,1,0.0,0.5,0.5
1048,1055,1,0.0,0.5,0.5
1049,1055,1,0.0,0.5,0.5
1050,1051,2,0.393,0.257,0.35
1050,1085,2,0.393,0.257,0.35
1051,1085,2,0.393,0.257,0.35
1052,1053,1,0.0,0.5,0.5
1052,1054,1,0.0,0.5,0.5
1053,1054,1,0.0,0.5,0.5
1055,1056,1,0.0,0.5,0.5
1055,1057,1,0.0,0.5,0.5
1056,1057,1,0.0,0.5,0.5
1058,1059,1,0.0,0.5,0.5
1058,1060,1,0.0,0.5,0.5
1058,1068,1,0.0,0.5,0.5
1059,1060,1,0.0,0.5,0.5
1059,1068,1,0.0,0.5,0.5
1060,1068,1,0.0,0.5,0.5
1061,1062,1,0.0,0.5,0.5
1061,1063,1,0.0,0.5,0.5
1062,1063,1,0.0,0.5,0.5
1064,1065,1,0.0,0.5,0.5
1064,1066,1,0.0,0.5,0.5
1064,1067,1,0.0,0.5,0.5
1065,1066,1,0.0,0.5,0.5
1065,1067,1,0.0,0.5,0.5
1066,1067,1,0.0,0.5,0.5
1068,1069,1,0.0,0.5,0.5
1068,1070,1,0.0,0.5,0.5
1068,1071,1,0.0,0.5,0.5
1069,1070,1,0.0,0.5,0.5
1069,1071,1,0.0,0.5,0.5
1070,1071,1,0.0,0.5,0.5
1072,1073,1,0.0,0.5,0.5
1072,1074,1,0.0,0.5,0.5
1073,1074,1,0.0,0.5,0.5
1075,1076,1,0.0,0.5,0.5
1075,1077,1,0.0,0.5,0.5
1075,1078,1,0.0,0.5,0.5
1076,1077,1,0.0,0.5,0.5
1076,1078,1,0.0,0.5,0.5
1077,1078,1,0.0,0.5,0.5
1079,1080,1,0.0,0.5,0.5
1079,1081,1,0.0,0.5,0.5
1079,1125,1,0.0,0.5,0.5
1080,1081,1,0.0,0.5,0.5
1080,1125,1,0.0,0.5,0.5
1082,1083,1,0.0,0.5,0.5
1082,1084,1,0.0,0.5,0.5
1083,1084,1,0.0,0.5,0.5
1013,1014,1,0.0,0.5,0.5
1013,1015,1,0.0,0.5,0.5
1014,1015,1,0.0,0.5,0.5
1030,1116,2,0.393,0.257,0.35
1030,1120,2,0.393,0.257,0.35
1016,1017,1,0.0,0.5,0.5
1018,1019,1,0.0,0.5,0.5
1018,1020,1,0.0,0.5,0.5
1019,1020,1,0.0,0.5,0.5
1021,1022,1,0.0,0.5,0.5
1021,1023,1,0.0,0.5,0.5
1022,1023,1,0.0,0.5,0.5
1024,1113,2,0.393,0.257,0.35
1024,1114,2,0.393,0.257,0.35
652,1026,1,0.0,0.5,0.5
1025,1026,1,0.0,0.5,0.5
1027,1028,1,0.0,0.5,0.5
1027,1029,1,0.0,0.5,0.5
1031,1032,1,0.0,0.5,0.5
1031,1173,1,0.0,0.5,0.5
1031,1240,1,0.0,0.5,0.5
1032,1173,1,0.0,0.5,0.5
1032,1240,1,0.0,0.5,0.5
956,957,1,0.0,0.5,0.5
958,959,1,0.0,0.5,0.5
958,960,1,0.0,0.5,0.5
959,960,1,0.0,0.5,0.5
961,962,1,0.0,0.5,0.5
961,963,1,0.0,0.5,0.5
962,963,1,0.0,0.5,0.5
964,965,1,0.0,0.5,0.5
964,966,1,0.0,0.5,0.5
965,966,1,0.0,0.5,0.5
967,968,1,0.0,0.5,0.5
967,970,1,0.0,0.5,0.5
968,970,1,0.0,0.5,0.5
969,970,1,0.0,0.5,0.5
970,971,1,0.0,0.5,0.5
970,972,1,0.0,0.5,0.5
971,972,1,0.0,0.5,0.5
973,974,1,0.0,0.5,0.5
973,975,1,0.0,0.5,0.5
974,975,1,0.0,0.5,0.5
976,977,1,0.0,0.5,0.5
976,978,1,0.0,0.5,0.5
977,978,1,0.0,0.5,0.5
979,980,1,0.0,0.5,0.5
979,1054,1,0.0,0.5,0.5
980,1054,1,0.0,0.5,0.5
981,982,1,0.0,0.5,0.5
981,983,1,0.0,0.5,0.5
982,983,1,0.0,0.5,0.5
984,985,1,0.0,0.5,0.5
984,1008,1,0.0,0.5,0.5
985,1008,1,0.0,0.5,0.5
986,1098,1,0.0,0.5,0.5
987,1098,1,0.0,0.5,0.5
988,989,1,0.0,0.5,0.5
988,990,1,0.0,0.5,0.5
989,990,1,0.0,0.5,0.5
991,992,1,0.0,0.5,0.5
991,1082,1,0.0,0.5,0.5
992,1082,1,0.0,0.5,0.5
993,994,1,0.0,0.5,0.5
993,995,1,0.0,0.5,0.5
994,995,1,0.0,0.5,0.5
997,998,1,0.0,0.5,0.5
997,999,1,0.0,0.5,0.5
998,999,1,0.0,0.5,0.5
1000,1001,1,0.0,0.5,0.5
1000,1002,1,0.0,0.5,0.5
1001,1002,1,0.0,0.5,0.5
1003,1004,1,0.0,0.5,0.5
1003,1025,1,0.0,0.5,0.5
1004,1025,1,0.0,0.5,0.5
1005,1006,1,0.0,0.5,0.5
1005,1007,1,0.0,0.5,0.5
1006,1007,1,0.0,0.5,0.5
1008,1009,1,0.0,0.5,0.5
1008,1010,1,0.0,0.5,0.5
1009,1010,1,0.0,0.5,0.5
1011,1012,1,0.0,0.5,0.5
1011,1021,1,0.0,0.5,0.5
1012,1021,1,0.0,0.5,0.5
1286,1287,1,0.0,0.5,0.5
1286,1288,1,0.0,0.5,0.5
1287,1288,1,0.0,0.5,0.5
892,893,1,0.0,0.5,0.5
892,894,1,0.0,0.5,0.5
892,895,1,0.0,0.5,0.5
893,894,1,0.0,0.5,0.5
893,895,1,0.0,0.5,0.5
894,895,1,0.0,0.5,0.5
900,901,1,0.0,0.5,0.5
900,1107,1,0.0,0.5,0.5
901,1107,1,0.0,0.5,0.5
891,1245,1,0.0,0.5,0.5
891,1287,1,0.0,0.5,0.5
1245,1287,1,0.0,0.5,0.5
896,897,1,0.0,0.5,0.5
896,898,1,0.0,0.5,0.5
896,899,1,0.0,0.5,0.5
897,898,1,0.0,0.5,0.5
897,899,1,0.0,0.5,0.5
898,899,1,0.0,0.5,0.5
902,903,2,0.393,0.257,0.35
902,904,2,0.393,0.257,0.35
902,905,2,0.393,0.257,0.35
903,904,2,0.393,0.257,0.35
903,905,2,0.393,0.257,0.35
904,905,2,0.393,0.257,0.35
906,907,1,0.0,0.5,0.5
906,908,1,0.0,0.5,0.5
906,909,1,0.0,0.5,0.5
907,908,1,0.0,0.5,0.5
907,909,1,0.0,0.5,0.5
908,909,1,0.0,0.5,0.5
914,915,1,0.0,0.5,0.5
914,916,1,0.0,0.5,0.5
915,916,1,0.0,0.5,0.5
917,918,1,0.0,0.5,0.5
918,919,1,0.0,0.5,0.5
918,1082,1,0.0,0.5,0.5
920,922,1,0.0,0.5,0.5
921,922,1,0.0,0.5,0.5
557,924,1,0.0,0.5,0.5
923,924,1,0.0,0.5,0.5
925,926,1,0.0,0.5,0.5
925,1097,1,0.0,0.5,0.5
926,1097,1,0.0,0.5,0.5
927,1097,1,0.0,0.5,0.5
928,1097,1,0.0,0.5,0.5
929,931,1,0.0,0.5,0.5
930,931,1,0.0,0.5,0.5
932,933,1,0.0,0.5,0.5
932,934,1,0.0,0.5,0.5
932,935,1,0.0,0.5,0.5
933,934,2,0.393,0.257,0.35
933,935,2,0.393,0.257,0.35
934,935,2,0.393,0.257,0.35
933,936,1,0.0,0.5,0.5
934,936,1,0.0,0.5,0.5
935,936,1,0.0,0.5,0.5
937,938,1,0.0,0.5,0.5
937,939,1,0.0,0.5,0.5
938,939,1,0.0,0.5,0.5
940,941,1,0.0,0.5,0.5
940,942,1,0.0,0.5,0.5
941,942,1,0.0,0.5,0.5
943,944,1,0.0,0.5,0.5
943,945,1,0.0,0.5,0.5
944,945,1,0.0,0.5,0.5
945,946,2,0.393,0.257,0.35
945,947,2,0.393,0.257,0.35
945,951,2,0.393,0.257,0.35
946,947,2,0.393,0.257,0.35
946,951,2,0.393,0.257,0.35
947,951,2,0.393,0.257,0.35
948,949,1,0.0,0.5,0.5
948,950,1,0.0,0.5,0.5
948,951,1,0.0,0.5,0.5
949,950,1,0.0,0.5,0.5
949,951,1,0.0,0.5,0.5
950,951,1,0.0,0.5,0.5
952,953,1,0.0,0.5,0.5
952,954,1,0.0,0.5,0.5
952,955,1,0.0,0.5,0.5
953,954,1,0.0,0.5,0.5
953,955,1,0.0,0.5,0.5
954,955,1,0.0,0.5,0.5
822,823,1,0.0,0.5,0.5
822,1204,1,0.0,0.5,0.5
822,1208,1,0.0,0.5,0.5
823,1204,1,0.0,0.5,0.5
823,1208,1,0.0,0.5,0.5
824,825,1,0.0,0.5,0.5
824,826,1,0.0,0.5,0.5
825,826,1,0.0,0.5,0.5
843,849,1,0.0,0.5,0.5
843,851,1,0.0,0.5,0.5
849,851,2,0.393,0.257,0.35
831,832,1,0.0,0.5,0.5
833,834,1,0.0,0.5,0.5
833,910,1,0.0,0.5,0.5
833,911,1,0.0,0.5,0.5
834,910,1,0.0,0.5,0.5
834,911,1,0.0,0.5,0.5
835,836,1,0.0,0.5,0.5
835,1112,1,0.0,0.5,0.5
836,1112,1,0.0,0.5,0.5
840,841,1,0.0,0.5,0.5
840,842,1,0.0,0.5,0.5
840,878,1,0.0,0.5,0.5
841,842,1,0.0,0.5,0.5
841,878,1,0.0,0.5,0.5
842,878,1,0.0,0.5,0.5
843,844,1,0.0,0.5,0.5
843,845,1,0.0,0.5,0.5
844,845,1,0.0,0.5,0.5
846,848,1,0.0,0.5,0.5
847,848,1,0.0,0.5,0.5
849,850,1,0.0,0.5,0.5
850,851,1,0.0,0.5,0.5
853,854,1,0.0,0.5,0.5
853,855,1,0.0,0.5,0.5
854,855,1,0.0,0.5,0.5
856,857,1,0.0,0.5,0.5
856,902,1,0.0,0.5,0.5
857,902,1,0.0,0.5,0.5
858,859,1,0.0,0.5,0.5
858,860,1,0.0,0.5,0.5
859,860,1,0.0,0.5,0.5
861,862,1,0.0,0.5,0.5
861,863,1,0.0,0.5,0.5
861,864,1,0.0,0.5,0.5
862,863,1,0.0,0.5,0.5
862,864,1,0.0,0.5,0.5
863,864,1,0.0,0.5,0.5
865,866,1,0.0,0.5,0.5
865,1125,1,0.0,0.5,0.5
866,1125,1,0.0,0.5,0.5
867,868,1,0.0,0.5,0.5
867,869,1,0.0,0.5,0.5
868,869,1,0.0,0.5,0.5
870,871,1,0.0,0.5,0.5
870,872,1,0.0,0.5,0.5
871,872,1,0.0,0.5,0.5
873,874,1,0.0,0.5,0.5
873,875,1,0.0,0.5,0.5
873,999,1,0.0,0.5,0.5
874,875,1,0.0,0.5,0.5
874,999,1,0.0,0.5,0.5
875,999,1,0.0,0.5,0.5
1041,1245,1,0.0,0.5,0.5
1041,1286,1,0.0,0.5,0.5
1245,1286,1,0.0,0.5,0.5
876,877,1,0.0,0.5,0.5
876,900,1,0.0,0.5,0.5
877,900,1,0.0,0.5,0.5
878,879,1,0.0,0.5,0.5
878,880,1,0.0,0.5,0.5
879,880,1,0.0,0.5,0.5
881,882,1,0.0,0.5,0.5
881,995,1,0.0,0.5,0.5
882,995,1,0.0,0.5,0.5
883,884,1,0.0,0.5,0.5
883,1056,1,0.0,0.5,0.5
884,1056,1,0.0,0.5,0.5
885,887,1,0.0,0.5,0.5
886,887,1,0.0,0.5,0.5
888,890,1,0.0,0.5,0.5
889,890,1,0.0,0.5,0.5
