cluster_id,name,articles,T_prod,I_prod,F_prod,T_cite,I_cite,F_cite,T_coauth,I_coauth,F_coauth,T_theory,I_theory,F_theory,T_agg,I_agg,F_agg,score,rank_classical,rank_neutro,rank_change
42,"Fujita, Takaaki",10,0.668,0.229,0.103,0.0,0.5,0.5,0.0,0.0,1.0,1.0,0.0,0.0,1.0,1.8395066901584583e-05,0.0026788710396739262,0.9991009112978081,7,1,6
1302,Florentin Smarandache,25,0.997,0.0,0.003,0.085,0.512,0.404,0.19,0.402,0.408,0.885,0.077,0.038,0.8735463696471195,0.001995247084169726,0.06583951073300161,0.935237203943316,2,2,0
860,Carmen Marina Méndez Cabrita,29,0.999,0.0,0.001,0.0,0.5,0.5,0.132,0.424,0.444,0.069,0.379,0.552,0.8313962027628539,0.0029939446540133015,0.10521387432044718,0.9077294612627979,1,3,-2
1362,Maikel Leyva Vázquez,19,0.979,0.001,0.02,0.032,0.468,0.5,0.097,0.444,0.459,0.789,0.158,0.053,0.7505312135458296,0.07569574671823302,0.12488841066274786,0.8499823520549495,3,4,-1
601,Josía Jeseff Isea Arguelles,14,0.891,0.04,0.069,0.0,0.536,0.464,0.131,0.422,0.447,0.071,0.357,0.571,0.4553525219719271,0.23839731624114857,0.3006614001990045,0.6387646018439247,4,5,-1
820,"Lozada Torres, Edwin Fabricio",3,0.148,0.441,0.411,0.0,0.5,0.5,0.157,0.403,0.44,0.667,0.333,0.0,0.3006769377626334,0.41475293535311486,0.0030836574321643664,0.6276134483257847,87,6,81
930,José Arturo Molina Ramón,5,0.259,0.5,0.241,0.0,0.5,0.5,0.362,0.281,0.357,0.4,0.0,0.6,0.27021062839596455,0.002895086752952337,0.40082207164427547,0.622164489999579,35,7,28
839,Mónica Alexandra Bustos Villarreal,7,0.413,0.441,0.145,0.0,0.5,0.5,0.406,0.261,0.333,0.0,0.0,1.0,0.23156677144153537,0.0027543065524082734,0.39418088481171015,0.6115438600258057,15,8,7
156,"Parrales-Bravo, Franklin",3,0.148,0.441,0.411,0.0,0.5,0.5,0.0,0.5,0.5,0.667,0.333,0.0,0.2701712677987126,0.4377293909533536,0.0031837976484627045,0.609752693065632,87,9,78
1113,Rómulo Guillermo López Torres,8,0.5,0.377,0.123,0.0,0.5,0.5,0.109,0.44,0.451,0.0,0.0,1.0,0.18301905580904054,0.003017803846511893,0.4080965416357227,0.5906349034422688,13,10,3
744,Santiago Fernando Fiallos Bonilla,12,0.802,0.108,0.09,0.0,0.5,0.5,0.138,0.421,0.44,0.083,0.667,0.25,0.37102201071585406,0.35091377965630716,0.2652475002659807,0.5849535769311887,5,11,-6
1346,Maikel Leyva V�zquez,3,0.148,0.441,0.411,0.0,0.625,0.375,0.0,0.5,0.5,0.5,0.0,0.5,0.1921096892334071,0.0034262744901531017,0.4430505444354357,0.5818776234359394,87,12,75
929,Johanna Elizabeth Fiallos Sánchez,6,0.332,0.485,0.184,0.0,0.5,0.5,0.146,0.413,0.441,0.167,0.0,0.833,0.16972906779552588,0.0031634825896760125,0.42876354654069476,0.5792673462217184,20,13,7
837,Mayra Jeaneth Jiménez Jiménez,6,0.332,0.485,0.184,0.0,0.5,0.5,0.275,0.341,0.384,0.0,0.0,1.0,0.16578380441199325,0.003015549977082158,0.43354058863217365,0.5764092219342458,20,14,6
635,Ned Vito Quevedo Arnaiz,11,0.741,0.162,0.097,0.0,0.5,0.5,0.34,0.308,0.351,0.0,0.636,0.364,0.3570000714157867,0.35491406686080074,0.28056762745697256,0.5738394590326711,6,15,-9
813,Juan Diego Zurita Vargas,6,0.332,0.485,0.184,0.0,0.5,0.5,0.334,0.307,0.359,0.167,0.833,0.0,0.21976770374529353,0.49902669672854616,0.002397289973487296,0.5727812390144201,20,16,4
730,Carlos Luis Villalba León,3,0.148,0.441,0.411,0.0,0.333,0.667,0.342,0.296,0.362,0.333,0.0,0.667,0.218016066050151,0.0025676961712366537,0.5072248414461562,0.5694078428109194,87,17,70
1114,Verónica Alejandra Salame Ortiz,6,0.332,0.485,0.184,0.0,0.5,0.5,0.164,0.409,0.427,0.0,0.0,1.0,0.13553844300803808,0.0031557948473405744,0.44519873904361473,0.562394636372361,20,18,2
810,Giovanny Vinicio Pineda Silva,5,0.259,0.5,0.241,0.0,0.5,0.5,0.279,0.334,0.386,0.2,0.8,0.0,0.1914425839180427,0.5083866242009143,0.0026115213933889064,0.5601481461079132,35,19,16
1229,"Alvarado, Yelena Abreu",3,0.148,0.441,0.411,0.0,0.333,0.667,0.342,0.296,0.362,0.0,1.0,0.0,0.1347006611607382,0.4566081232545917,0.003156233002146002,0.5583121016346668,87,20,67
1230,"Alonso, Liliana Alvarez",3,0.148,0.441,0.411,0.0,0.333,0.667,0.342,0.296,0.362,0.0,1.0,0.0,0.1347006611607382,0.4566081232545917,0.003156233002146002,0.5583121016346668,87,20,67
729,Gabriela Lizeth Carrera Guanga,4,0.198,0.485,0.318,0.0,0.375,0.625,0.205,0.378,0.417,0.25,0.0,0.75,0.1684264063946853,0.0028794941565680817,0.49931672568417623,0.555410062184647,52,22,30
1116,Nairovys Gómez Martínez,6,0.332,0.485,0.184,0.0,0.417,0.583,0.158,0.405,0.437,0.0,0.0,1.0,0.13399153275326237,0.003008383542591391,0.46530953672772285,0.555224537494316,20,23,-3
570,Andrés Sebastián Villacrés Quintana,4,0.198,0.485,0.318,0.0,0.5,0.5,0.197,0.379,0.425,0.25,0.75,0.0,0.16634224570595912,0.5123928419350006,0.0028671242474038274,0.5503607598411848,52,24,28
1125,Gabriela Liseth Vaca Altamirano,6,0.332,0.485,0.184,0.0,0.5,0.5,0.066,0.46,0.475,0.0,0.0,1.0,0.11124750188466692,0.0032498805123000285,0.45721488340130473,0.5502609126570206,20,25,-5
1204,Yusleidy Marlie Gordo Gómez,4,0.198,0.485,0.318,0.0,0.5,0.5,0.079,0.454,0.467,0.25,0.0,0.75,0.13727215497983403,0.003239230842589265,0.48578468286173504,0.54941608042517,52,26,26
748,Adriano Israel Tello Velasteguí,3,0.148,0.441,0.411,0.0,0.5,0.5,0.066,0.46,0.475,0.333,0.667,0.0,0.14645175027740687,0.5100033923265576,0.003143231433681896,0.544435042172389,87,27,60
569,Stefania Raimondi Romero,3,0.148,0.441,0.411,0.0,0.5,0.5,0.056,0.465,0.479,0.333,0.667,0.0,0.14417620822781385,0.5113836576998215,0.003149827968247012,0.5432142408532484,87,28,59
1120,Riber Fabián Donoso Noroña,4,0.198,0.485,0.318,0.0,0.5,0.5,0.284,0.329,0.387,0.0,0.0,1.0,0.12949384250551288,0.002988662746958352,0.4980546765682152,0.5428168343967797,52,29,23
1119,Adisnay Rodríguez Plasencia,5,0.259,0.5,0.241,0.0,0.5,0.5,0.147,0.409,0.444,0.0,0.0,1.0,0.10835534695089621,0.003179917327239553,0.4809417776207579,0.5414112173342994,35,30,5
618,Paúl Orlando Piray Rodríguez,3,0.148,0.441,0.411,0.0,0.5,0.5,0.0,0.5,0.5,0.333,0.0,0.667,0.13175686735009506,0.00324037034920393,0.5116546390396807,0.5389539526537367,87,31,56
814,"Viscaino Naranjo, Fausto Alberto",5,0.259,0.5,0.241,0.0,0.5,0.5,0.203,0.378,0.419,0.6,0.2,0.2,0.3028373210595152,0.37077927510673403,0.3169989081646368,0.5383530459293815,35,32,3
1090,Luis Antonio Llerena Ocaña,5,0.259,0.5,0.241,0.0,0.5,0.5,0.158,0.405,0.437,0.6,0.2,0.2,0.29319832084505226,0.3772300289048806,0.3203499200099245,0.5318727906434156,35,33,2
812,Antonio Gabriel Castillo Medina,5,0.259,0.5,0.241,0.0,0.5,0.5,0.244,0.355,0.401,0.0,1.0,0.0,0.13486277206558617,0.545810756760367,0.0026365308349057238,0.5288051614901045,35,34,1
636,Julio Rodrigo Morillo Cano,5,0.259,0.5,0.241,0.0,0.5,0.5,0.039,0.476,0.485,0.0,0.0,1.0,0.08138105306784382,0.0033028339520229763,0.4916796076768558,0.5287995371463216,35,35,0
1097,Francisco Xavier Poveda Paredes,3,0.148,0.441,0.411,0.2,0.467,0.333,0.0,0.5,0.5,0.0,0.0,1.0,0.09137978407014247,0.003185527573230789,0.5114627565236457,0.5255771666577553,87,36,51
1064,Carmen Salinas Goodier,5,0.259,0.5,0.241,0.0,0.5,0.5,0.0,0.5,0.5,0.0,0.0,1.0,0.07219960801092928,0.0033437015248821093,0.4954379417976297,0.524472654896139,35,37,-2
1029,Génesis Alexandra Zúñiga Cárdenas,3,0.148,0.441,0.411,0.0,0.333,0.667,0.342,0.296,0.362,0.0,0.0,1.0,0.1347006611607382,0.0025676961712366537,0.561266416100157,0.5236221829631148,87,38,49
1028,Liliana Katherine Sailema López,3,0.148,0.441,0.411,0.0,0.333,0.667,0.342,0.296,0.362,0.0,0.0,1.0,0.1347006611607382,0.0025676961712366537,0.561266416100157,0.5236221829631148,87,38,49
945,Danay Ramos Duharte,3,0.148,0.441,0.411,0.0,0.5,0.5,0.236,0.354,0.41,0.0,1.0,0.0,0.10177893037333696,0.5285705521580365,0.0030296950735440886,0.5233928943805856,87,40,47
403,Jorge Andrés Rodas Buenaño,4,0.198,0.485,0.318,0.0,0.5,0.5,0.225,0.361,0.414,0.0,1.0,0.0,0.11208985634359947,0.5439446833507533,0.002848389435702823,0.5217655945190479,52,41,11
745,Andrea Katherine Bucaram Caicedo,10,0.668,0.229,0.103,0.0,0.5,0.5,0.067,0.463,0.47,0.1,0.6,0.3,0.2733662610130968,0.4223129820730809,0.29191511676654736,0.5197127207244895,7,42,-35
724,Sara Ximena Guerrón Enríquez,4,0.198,0.485,0.318,0.0,0.5,0.5,0.098,0.439,0.463,0.0,0.0,1.0,0.07775730004414827,0.0032121370430098577,0.520888211549929,0.5178856504837365,52,43,9
637,Poled Madeline Chenas Malte,3,0.148,0.441,0.411,0.0,0.5,0.5,0.197,0.379,0.425,0.0,0.0,1.0,0.09052914789204491,0.0030235137706094784,0.5436259618302803,0.5146265574303851,87,44,43
316,Washington Omar Guevara Pérez,3,0.148,0.441,0.411,0.0,0.5,0.5,0.197,0.379,0.425,0.0,0.0,1.0,0.09052914789204491,0.0030235137706094784,0.5436259618302803,0.5146265574303851,87,44,43
504,Julio Cesar Benavides Salazar,3,0.148,0.441,0.411,0.0,0.5,0.5,0.197,0.379,0.425,0.0,0.0,1.0,0.09052914789204491,0.0030235137706094784,0.5436259618302803,0.5146265574303851,87,44,43
1085,Jeanneth Elizabeth Jami Carrera,3,0.148,0.441,0.411,0.0,0.5,0.5,0.197,0.379,0.425,0.0,0.0,1.0,0.09052914789204491,0.0030235137706094784,0.5436259618302803,0.5146265574303851,87,44,43
889,Luis Andrés Crespo Berti,9,0.587,0.303,0.11,0.0,0.556,0.444,0.24,0.359,0.401,0.0,0.333,0.667,0.2515015406421488,0.37671596483124176,0.3380737612962418,0.5122372715048885,9,48,-39
651,Jaine Labrada Ching,4,0.198,0.485,0.318,0.0,0.5,0.5,0.044,0.473,0.483,0.0,0.0,1.0,0.06425381557272536,0.003272602221962552,0.5264244641915757,0.5115189163863957,52,49,3
561,Olga Mireya Alonzo Pico,3,0.148,0.441,0.411,0.0,0.5,0.5,0.157,0.403,0.44,0.0,0.0,1.0,0.0794088572196393,0.003070283014436071,0.5483604519231389,0.5093260407606881,87,50,37
996,Alex Ramón Valencia Herrera,4,0.198,0.485,0.318,0.0,0.375,0.625,0.098,0.439,0.463,0.0,0.0,1.0,0.07775730004414827,0.002989230340326824,0.5507722263578443,0.5079986144486591,52,51,1
534,Nemis García Arias,6,0.332,0.485,0.184,0.0,0.5,0.5,0.495,0.216,0.289,0.0,0.833,0.167,0.23789122892386227,0.4570383296984814,0.2581371645369021,0.5075719115628262,20,52,-32
1017,Mónica Sofía Pallo Sarabia,4,0.198,0.485,0.318,0.0,0.5,0.5,0.0,0.5,0.5,0.0,0.0,1.0,0.05366785653967798,0.0033183365972686706,0.5309966512111293,0.50645095624376,52,53,-1
560,Melba Esperanza Narváez Jaramillo,3,0.148,0.441,0.411,0.0,0.5,0.5,0.131,0.419,0.45,0.0,0.0,1.0,0.07239123726149788,0.0031003138055252536,0.5514499288155719,0.5059469982134669,87,54,33
913,Génesis Ariana Loayza Zambrano,3,0.148,0.441,0.411,0.0,0.5,0.5,0.632,0.132,0.236,0.0,0.333,0.667,0.25170670611907475,0.3137665840594127,0.4240942808313843,0.5046152804094259,87,55,32
315,Oscar David Salazar Correa,3,0.148,0.441,0.411,0.0,0.5,0.5,0.079,0.451,0.47,0.0,0.0,1.0,0.05881541399181489,0.003157884807793084,0.5574775991617226,0.4993933100074332,87,56,31
817,Jeannette Amparito Urrutia Guevara,9,0.587,0.303,0.11,0.0,0.556,0.444,0.157,0.406,0.437,0.0,0.333,0.667,0.23185288043794283,0.3884829131853248,0.3454186094776947,0.49931711925830774,9,57,-48
1173,"Noel, Batista Hernández",3,0.148,0.441,0.411,0.0,0.5,0.5,0.079,0.451,0.47,0.0,1.0,0.0,0.05881541399181489,0.5615601532973162,0.0031349269187653734,0.4980401112585779,87,58,29
398,Nancy Yolanda Urbina Romo,3,0.148,0.441,0.411,0.0,0.5,0.5,0.066,0.46,0.475,0.0,0.0,1.0,0.05551162359336148,0.003173522679760886,0.558954373950364,0.49779457565441226,87,59,28
826,Roberto Alexander Benavides Morillo,3,0.148,0.441,0.411,0.0,0.5,0.5,0.066,0.46,0.475,0.0,0.0,1.0,0.05551162359336148,0.003173522679760886,0.558954373950364,0.49779457565441226,87,59,28
921,María José Calderón Velásquez,3,0.148,0.441,0.411,0.0,0.5,0.5,0.066,0.46,0.475,0.0,0.0,1.0,0.05551162359336148,0.003173522679760886,0.558954373950364,0.49779457565441226,87,59,28
869,Gloria Rebeca Medina Naranjo,3,0.148,0.441,0.411,0.0,0.5,0.5,0.066,0.46,0.475,0.0,0.0,1.0,0.05551162359336148,0.003173522679760886,0.558954373950364,0.49779457565441226,87,59,28
1081,Samantha de los Ángeles Vásquez Barberán,3,0.148,0.441,0.411,0.0,0.5,0.5,0.066,0.46,0.475,0.0,0.0,1.0,0.05551162359336148,0.003173522679760886,0.558954373950364,0.49779457565441226,87,59,28
402,Esteban Fernando López Espinel,3,0.148,0.441,0.411,0.0,0.5,0.5,0.056,0.465,0.479,0.0,1.0,0.0,0.05299363703950988,0.565868327724317,0.003149827968247012,0.4946584937823153,87,64,23
831,Geovanny Leopoldo Borja Martínez,9,0.587,0.303,0.11,0.0,0.5,0.5,0.037,0.479,0.484,0.0,0.222,0.778,0.20586546202963385,0.3562667403032239,0.37935596039149216,0.4900809204449726,9,65,-56
871,Mónica Alexandra Salame Ortiz,3,0.148,0.441,0.411,0.0,0.5,0.5,0.0,0.5,0.5,0.0,0.0,1.0,0.03925109453479547,0.00324037034920393,0.5661681803991567,0.48994751459547814,87,66,21
1055,Christian David Zapata-Hidalgo,3,0.148,0.441,0.411,0.0,0.5,0.5,0.0,0.5,0.5,0.0,0.0,1.0,0.03925109453479547,0.00324037034920393,0.5661681803991567,0.48994751459547814,87,66,21
1112,Luis Fernando Pérez Solís,3,0.148,0.441,0.411,0.0,0.5,0.5,0.0,0.5,0.5,0.0,0.0,1.0,0.03925109453479547,0.00324037034920393,0.5661681803991567,0.48994751459547814,87,66,21
873,Ruth Alexandra Ramos Villacís,3,0.148,0.441,0.411,0.0,0.5,0.5,0.0,0.5,0.5,0.0,0.0,1.0,0.03925109453479547,0.00324037034920393,0.5661681803991567,0.48994751459547814,87,66,21
603,Janeth Ximena Iglesias Quintana,9,0.587,0.303,0.11,0.067,0.544,0.389,0.017,0.489,0.493,0.0,0.333,0.667,0.21549393907759673,0.4047609953439484,0.3444123847739102,0.48877351965324595,9,70,-61
1136,Iruma Alfonso González,4,0.198,0.485,0.318,0.0,0.5,0.5,0.0,0.5,0.5,0.0,1.0,0.0,0.05366785653967798,0.5900929646501498,0.0029860136051370403,0.48686295942813046,52,71,-19
753,Diego Armando Freire Muñoz,4,0.198,0.485,0.318,0.0,0.5,0.5,0.0,0.5,0.5,0.0,1.0,0.0,0.05366785653967798,0.5900929646501498,0.0029860136051370403,0.48686295942813046,52,71,-19
499,Diego Paúl Palma Rivera,3,0.148,0.441,0.411,0.0,0.5,0.5,0.0,0.5,0.5,0.0,1.0,0.0,0.03925109453479547,0.5762283872889983,0.0031837976484627045,0.4866129698657781,87,73,14
781,Estalin Rene Portilla Paguay,3,0.148,0.441,0.411,0.0,0.5,0.5,0.0,0.5,0.5,0.0,1.0,0.0,0.03925109453479547,0.5762283872889983,0.0031837976484627045,0.4866129698657781,87,73,14
734,Paulina Elizabeth Salas Medina,3,0.148,0.441,0.411,0.0,0.5,0.5,0.0,0.5,0.5,0.0,1.0,0.0,0.03925109453479547,0.5762283872889983,0.0031837976484627045,0.4866129698657781,87,73,14
1287,Zoila Mirella Mariscal Rosado,3,0.148,0.441,0.411,0.0,0.5,0.5,0.0,0.5,0.5,0.0,1.0,0.0,0.03925109453479547,0.5762283872889983,0.0031837976484627045,0.4866129698657781,87,73,14
1315,Neilys González Benítez,4,0.198,0.485,0.318,0.0,0.5,0.5,0.044,0.473,0.483,0.5,0.25,0.25,0.2131343877310472,0.4115079435950367,0.3722383084123581,0.4764627119078842,52,77,-25
634,Cristian Fernando Benavides Salazar,8,0.5,0.377,0.123,0.0,0.5,0.5,0.139,0.422,0.439,0.0,0.5,0.5,0.18998457580312422,0.446579159975873,0.3408610755942561,0.46751478007766506,13,78,-65
1294,"Aguilar, Wilber Ortiz",3,0.148,0.441,0.411,0.0,0.625,0.375,0.0,0.5,0.5,0.5,0.25,0.25,0.1921096892334071,0.4308312083188366,0.3725596145919645,0.462906288774202,87,79,8
779,Jairo Mauricio Puetate Paucar,7,0.413,0.441,0.145,0.0,0.5,0.5,0.067,0.464,0.469,0.143,0.714,0.143,0.17229583299801643,0.5198836944859323,0.2640655347123456,0.4627822012665795,15,80,-65
910,Germán Fabricio Acurio Hidalgo,4,0.198,0.485,0.318,0.0,0.5,0.5,0.408,0.266,0.325,0.0,0.25,0.75,0.16991222378187743,0.3563554023258453,0.4436959220300546,0.45662029980865926,52,81,-29
911,José Luís Maldonado Cando,4,0.198,0.485,0.318,0.0,0.5,0.5,0.408,0.266,0.325,0.0,0.25,0.75,0.16991222378187743,0.3563554023258453,0.4436959220300546,0.45662029980865926,52,81,-29
981,Paola Andrea Mena Silva,3,0.148,0.441,0.411,0.0,0.5,0.5,0.197,0.379,0.425,0.333,0.333,0.333,0.17809760989981394,0.4084350548612777,0.41296310009637555,0.4522331516473869,87,83,4
536,Yanhet Lucia Valverde Torres,5,0.259,0.5,0.241,0.0,0.5,0.5,0.364,0.295,0.341,0.0,0.6,0.4,0.17144979197234778,0.45864674824926666,0.35805550421002136,0.4515825131710199,35,84,-49
1137,Pablo Miguel Vaca Acosta,7,0.413,0.441,0.145,0.0,0.5,0.5,0.112,0.434,0.454,0.0,0.857,0.143,0.15030557937814448,0.5351429228011892,0.26192833014792416,0.45107810880967697,15,85,-70
1025,Raúl González Salas,7,0.413,0.441,0.145,0.0,0.5,0.5,0.114,0.436,0.45,0.0,0.286,0.714,0.15078441553369282,0.40720704127091195,0.3906719075021187,0.4509684889202206,15,86,-71
1082,Mónica Gabriela Chachalo Sandoval,6,0.332,0.485,0.184,0.0,0.5,0.5,0.107,0.434,0.459,0.0,0.167,0.833,0.1211657374827757,0.36410738358151035,0.43307326939229296,0.4413283615029908,20,87,-67
434,Giovanna Fernanda Vinueza Arroyo,6,0.332,0.485,0.184,0.0,0.5,0.5,0.036,0.478,0.486,0.167,0.333,0.5,0.14419538457999737,0.44324716675664033,0.3866771644828865,0.43809035111349015,20,88,-68
903,Miguel Ángel Guambo Llerena,3,0.148,0.441,0.411,0.0,0.5,0.5,0.393,0.257,0.35,0.0,0.333,0.667,0.1519780936117302,0.37063505053531676,0.46800600560722305,0.43777901248973006,87,89,-2
535,Oswaldo Líber Andrade Salazar,4,0.198,0.485,0.318,0.0,0.5,0.5,0.36,0.291,0.348,0.0,0.5,0.5,0.1535747989602484,0.4334047672684966,0.40783697148192594,0.4374443534032753,52,90,-38
912,Esteven Antonio Poso Vélez,4,0.198,0.485,0.318,0.0,0.5,0.5,0.316,0.316,0.368,0.0,0.25,0.75,0.13938756427557863,0.3720357791661307,0.4576954041730734,0.4365521269787915,52,91,-39
888,Sheila Belén Esparza Pijal,4,0.198,0.485,0.318,0.0,0.625,0.375,0.352,0.3,0.348,0.0,0.5,0.5,0.15094202937542078,0.4617726998918404,0.3795350673825647,0.436544754033672,52,92,-40
900,Segundo Heriberto Granja Huacón,7,0.413,0.441,0.145,0.0,0.5,0.5,0.0,0.5,0.5,0.0,0.286,0.714,0.12469476682366432,0.42139187523672245,0.40109897824924035,0.4340679711125672,15,93,-78
761,Marcelo Raúl Dávila Castillo,6,0.332,0.485,0.184,0.0,0.5,0.5,0.146,0.419,0.435,0.0,0.333,0.667,0.13092234655165225,0.42888662208539274,0.4042041140854926,0.4326105367935889,20,94,-74
652,Mildre Mercedes Vidal del Río,6,0.332,0.485,0.184,0.0,0.5,0.5,0.14,0.421,0.439,0.0,0.333,0.667,0.12939986891468747,0.42939750640025987,0.4051301318698966,0.43162407688151044,20,95,-75
677,Adriana María García Novillo,6,0.332,0.485,0.184,0.0,0.5,0.5,0.03,0.481,0.488,0.0,0.167,0.833,0.10280457785843056,0.3735883482013867,0.4397574065056273,0.4298196077171388,20,96,-76
751,Marcos Aníbal Lalama Flores,3,0.148,0.441,0.411,0.0,0.5,0.5,0.342,0.296,0.362,0.0,0.667,0.333,0.1347006611607382,0.45677942627600343,0.3967264513148457,0.4270649278566297,87,97,-10
642,Matías Josué Chicaiza Flores,4,0.198,0.485,0.318,0.0,0.625,0.375,0.036,0.478,0.486,0.25,0.25,0.5,0.12737396466750084,0.43626202942816383,0.41258759418382857,0.42617478035183615,52,98,-46
576,Piedad Elizabeth Acurio Padilla,6,0.332,0.485,0.184,0.0,0.5,0.5,0.0,0.5,0.5,0.0,0.167,0.833,0.0959465345223588,0.3772242073190566,0.44243625569965866,0.42542869050121457,20,99,-79
782,Lilian Fabiola Haro Terán,6,0.332,0.485,0.184,0.0,0.5,0.5,0.128,0.427,0.445,0.0,0.5,0.5,0.12637865475433474,0.47700991424479255,0.37825045635377,0.42370609471859066,20,100,-80
268,Ely Stefanie Parra Tauriz,3,0.148,0.441,0.411,0.0,0.5,0.5,0.0,0.5,0.5,0.333,0.333,0.333,0.13175686735009506,0.4377293909533536,0.43008719849651705,0.42131342596674143,87,101,-14
282,Alfonso A. Guijarro-Rodríguez,3,0.148,0.441,0.411,0.0,0.5,0.5,0.0,0.5,0.5,0.333,0.333,0.333,0.13175686735009506,0.4377293909533536,0.43008719849651705,0.42131342596674143,87,101,-14
277,"Quiroz-Martinez, Miguel-Angel",5,0.259,0.5,0.241,0.0,0.5,0.5,0.0,0.5,0.5,0.2,0.4,0.4,0.12254056422711412,0.4728708045015878,0.3940072930322486,0.41855415556442593,35,103,-68
1139,Fernando de Jesús Castro Sánchez,5,0.259,0.5,0.241,0.0,0.5,0.5,0.146,0.413,0.441,0.0,0.8,0.2,0.10809413565788639,0.5360990181524289,0.32108048329433236,0.4169715447370416,35,104,-69
485,Carlos Javier Lizcano Chapeta,4,0.198,0.485,0.318,0.0,0.5,0.5,0.203,0.378,0.419,0.0,0.25,0.75,0.10585454734813082,0.3890772950120743,0.4727898045664884,0.414662482589856,52,105,-53
737,Pablo Ermely Espinosa Pico,5,0.259,0.5,0.241,0.0,0.5,0.5,0.078,0.457,0.466,0.0,0.2,0.8,0.09084635962988985,0.38879578775793044,0.4603792463626893,0.4138904418364234,35,106,-71
598,Milena Elizabeth Álvarez Tapia,4,0.198,0.485,0.318,0.0,0.5,0.5,0.197,0.379,0.425,0.0,0.25,0.75,0.10417644402804127,0.3893343663746493,0.4744733557293333,0.4134562406413529,52,107,-55
746,Bolívar David Narváez Montenegro,5,0.259,0.5,0.241,0.0,0.5,0.5,0.147,0.409,0.444,0.0,0.4,0.6,0.10835534695089621,0.4497082211407379,0.42328250319830724,0.4117882075372836,35,108,-73
1208,"Guerra, Darvin Manuel Ramírez",5,0.259,0.5,0.241,0.0,0.5,0.5,0.057,0.467,0.476,0.0,0.2,0.8,0.08571314680522912,0.3909054462390633,0.4628294619219318,0.41065941288141133,35,109,-74
951,Fidel Robinson Jay,4,0.198,0.485,0.318,0.0,0.5,0.5,0.197,0.379,0.425,0.0,0.75,0.25,0.10417644402804127,0.5123928419350006,0.36052178757401,0.41042060483967696,52,110,-58
531,Salomón Alejandro Montece Giler,4,0.198,0.485,0.318,0.0,0.5,0.5,0.168,0.396,0.436,0.0,0.25,0.75,0.09619565796642604,0.3936286804888597,0.47751412124451187,0.40835095207768485,52,111,-59
1041,Iyo Alexis Cruz Piza,6,0.332,0.485,0.184,0.0,0.5,0.5,0.03,0.481,0.488,0.0,0.5,0.5,0.10280457785843056,0.49142438848489234,0.38707436805170176,0.4081019404406121,20,112,-92
902,Eugenio Javier Escobar Gonzáles,3,0.148,0.441,0.411,0.0,0.5,0.5,0.236,0.354,0.41,0.0,0.667,0.333,0.10177893037333696,0.477677100964517,0.4092700637267087,0.4049439218940371,87,113,-26
372,Roberto Javier Aguilar Berrezueta,3,0.148,0.441,0.411,0.0,0.5,0.5,0.236,0.354,0.41,0.0,0.333,0.667,0.10177893037333696,0.4015263235477754,0.4868894667357369,0.4044543800299416,87,114,-27
970,Jorge David Morales Cobos,5,0.259,0.5,0.241,0.0,0.5,0.5,0.0,0.5,0.5,0.0,0.2,0.8,0.07219960801092928,0.39763536438352526,0.4685562762369121,0.4020026557968306,35,115,-80
829,Jorge Alfredo Eras Díaz,4,0.198,0.485,0.318,0.0,0.5,0.5,0.168,0.396,0.436,0.0,0.5,0.5,0.09619565796642604,0.46810602750648467,0.43148271670853533,0.39886897125046866,52,116,-64
792,Carlos Alejandro Troya Altamirano,4,0.198,0.485,0.318,0.0,0.5,0.5,0.112,0.431,0.457,0.0,0.25,0.75,0.08135686629515726,0.4020520264727021,0.483162975269621,0.3987139548509448,52,117,-65
847,José Ignacio Cruz Arboleda,4,0.198,0.485,0.318,0.0,0.5,0.5,0.131,0.419,0.45,0.0,0.75,0.25,0.08631070642765748,0.5254080921163381,0.36571048487971,0.3983973764772031,52,118,-66
848,Diego Xavier Chamorro Valencia,5,0.259,0.5,0.241,0.0,0.5,0.5,0.044,0.473,0.483,0.0,0.4,0.6,0.08257826523853662,0.46635354797547685,0.43228618543521,0.39464617727594997,35,119,-84
923,Clara Elisa Pozo Hernández,4,0.198,0.485,0.318,0.0,0.5,0.5,0.079,0.454,0.467,0.0,0.25,0.75,0.07293859862617436,0.4073117147931764,0.48578468286173504,0.39328073365708754,52,120,-68
886,"Pino Andrade, Edmundo Enrique",4,0.198,0.485,0.318,0.0,0.5,0.5,0.079,0.451,0.47,0.0,0.25,0.75,0.07293859862617436,0.40663716920277665,0.48656297857381203,0.3932461502831952,52,121,-69
477,Roberth Alexander Anama Tiracá,3,0.148,0.441,0.411,0.0,0.5,0.5,0.171,0.398,0.431,0.0,0.667,0.333,0.08325503979104898,0.49187457555908487,0.4144129635901143,0.3923225002139499,87,122,-35
633,Diego Fernando Montalván Arévalo,4,0.198,0.485,0.318,0.0,0.5,0.5,0.131,0.419,0.45,0.0,0.5,0.5,0.08631070642765748,0.47475980474914903,0.4349055106500461,0.39221513034282074,52,123,-71
649,Diana Carolina Freire Villena,3,0.148,0.441,0.411,0.0,0.5,0.5,0.157,0.403,0.44,0.0,0.333,0.667,0.0794088572196393,0.41475293535311486,0.49556152889864463,0.38969813098929323,87,124,-37
818,Diego Patricio Gordillo Cevallos,4,0.198,0.485,0.318,0.0,0.625,0.375,0.111,0.438,0.451,0.0,0.5,0.5,0.08109834843259078,0.507593985751191,0.4049498416539978,0.38951817367580066,52,125,-73
546,Santiago Xavier Peñarreta Quezada,4,0.198,0.485,0.318,0.0,0.5,0.5,0.039,0.476,0.485,0.0,0.25,0.75,0.0630326904584757,0.41215889412979495,0.4903995145265782,0.3868247606007009,52,126,-74
568,Álvaro Mauricio Paredes Vayas,3,0.148,0.441,0.411,0.0,0.5,0.5,0.131,0.419,0.45,0.0,0.667,0.333,0.07239123726149788,0.49823830413396464,0.4189065426251678,0.3850821301674552,87,127,-40
1286,Katherine Tatiana Troya Terranova,5,0.259,0.5,0.241,0.0,0.5,0.5,0.0,0.5,0.5,0.0,0.6,0.4,0.07219960801092928,0.5233175696960527,0.3940072930322486,0.38495824842754267,35,128,-93
615,Yolanda Guissell Calva Vega,4,0.198,0.485,0.318,0.0,0.5,0.5,0.087,0.446,0.467,0.0,0.5,0.5,0.07495835223797809,0.48222991864301484,0.4389560127568369,0.38459080694604214,52,129,-77
1326,Hayk Paronyan,3,0.148,0.441,0.411,0.0,0.5,0.5,0.112,0.431,0.457,0.0,0.667,0.333,0.06736192855837575,0.5017679578513218,0.42052620597088625,0.3816892549120559,87,130,-43
483,Fredy Pablo Cañizares Galarza,3,0.148,0.441,0.411,0.0,0.5,0.5,0.112,0.431,0.457,0.0,0.667,0.333,0.06736192855837575,0.5017679578513218,0.42052620597088625,0.3816892549120559,87,130,-43
859,Rosa Evelyn Chugá Quemac,4,0.198,0.485,0.318,0.0,0.5,0.5,0.0,0.5,0.5,0.0,0.25,0.75,0.05366785653967798,0.41725873683459463,0.49414806378401965,0.3807536853070213,52,132,-80
557,Zully Rivel Nazate Chuga,3,0.148,0.441,0.411,0.0,0.5,0.5,0.105,0.439,0.456,0.0,0.333,0.667,0.06552936772287232,0.4237203641887116,0.5000064718743434,0.38060084388660576,87,133,-46
1042,Ignacio Fernando Barcos Arias,4,0.198,0.485,0.318,0.0,0.5,0.5,0.056,0.465,0.479,0.0,0.5,0.5,0.067204181828317,0.4872857094026112,0.4417490869297847,0.3793897951653071,52,134,-82
749,Ariel José Romero Fernández,4,0.198,0.485,0.318,0.0,0.5,0.5,0.044,0.473,0.483,0.0,0.5,0.5,0.06425381557272536,0.489368174403356,0.44266844484055345,0.3774057321096052,52,135,-83
846,Marco Patricio Villa Zura,3,0.148,0.441,0.411,0.0,0.5,0.5,0.079,0.451,0.47,0.0,0.667,0.333,0.05881541399181489,0.507490296137515,0.4234854362161301,0.37594656054605674,87,136,-49
780,Diego Fernando Coka Flores,3,0.148,0.441,0.411,0.0,0.5,0.5,0.066,0.46,0.475,0.0,0.333,0.667,0.05551162359336148,0.4286991917851803,0.5051354144303835,0.37389233912593256,87,137,-50
766,Jairo Alexander Zúñiga Orozco,3,0.148,0.441,0.411,0.0,0.5,0.5,0.066,0.46,0.475,0.0,0.333,0.667,0.05551162359336148,0.4286991917851803,0.5051354144303835,0.37389233912593256,87,137,-50
664,Carlos Ramiro Hurtado Lomas,3,0.148,0.441,0.411,0.0,0.5,0.5,0.066,0.46,0.475,0.0,0.333,0.667,0.05551162359336148,0.4286991917851803,0.5051354144303835,0.37389233912593256,87,137,-50
479,Josué Ramón Limaico Mina,3,0.148,0.441,0.411,0.0,0.5,0.5,0.066,0.46,0.475,0.0,0.667,0.333,0.05551162359336148,0.5100033923265576,0.4246072617684056,0.37363365649946606,87,140,-53
1245,Rosa Leonor Maldonado Manzano,3,0.148,0.441,0.411,0.0,0.625,0.375,0.0,0.5,0.5,0.0,0.25,0.75,0.03925109453479547,0.4308312083188366,0.4903160270400806,0.3727012863919594,87,141,-54
1322,Mesías Elías Machado Maliza,4,0.198,0.485,0.318,0.0,0.625,0.375,0.0,0.5,0.5,0.0,0.5,0.5,0.05366785653967798,0.5246750845230936,0.415527335440546,0.3711551455253462,52,142,-90
1106,Vanessa Josefa Hernández Alvarado,3,0.148,0.441,0.411,0.0,0.333,0.667,0.0,0.5,0.5,0.0,0.667,0.333,0.03925109453479547,0.47042962712802766,0.4622165305843383,0.36886831227414313,87,143,-56
81,María Elena Infante Miranda,3,0.148,0.441,0.411,0.0,0.5,0.5,0.0,0.5,0.5,0.0,0.333,0.667,0.03925109453479547,0.4377293909533536,0.5116546390396807,0.36328902151392023,87,144,-57
1068,Luis Darío Pérez Villalba,3,0.148,0.441,0.411,0.0,0.5,0.5,0.0,0.5,0.5,0.0,0.333,0.667,0.03925109453479547,0.4377293909533536,0.5116546390396807,0.36328902151392023,87,144,-57
630,Diana Elizabeth Correa Manzano,3,0.148,0.441,0.411,0.0,0.5,0.5,0.0,0.5,0.5,0.0,0.667,0.333,0.03925109453479547,0.5207461982319641,0.43008719849651705,0.3628058992687713,87,146,-59
